[
  {
    "id": "9926dac6-200d-4092-a132-ae9f44209b6c",
    "data": [
      {
        "text": "Call Center",
        "userDefined": false
      }
    ],
    "isTemplate": false,
    "count": 0,
    "lang": "en",
    "updated": 0
  },
  {
    "id": "03777c64-854c-459a-89ab-abbc073f90d8",
    "data": [
      {
        "text": "What is my complaint status",
        "userDefined": false
      }
    ],
    "isTemplate": false,
    "count": 0,
    "lang": "en",
    "updated": 0
  },
  {
    "id": "4f86181b-0e01-45c3-a105-008b94045452",
    "data": [
      {
        "text": "Show me the complaint status",
        "userDefined": false
      }
    ],
    "isTemplate": false,
    "count": 0,
    "lang": "en",
    "updated": 0
  },
  {
    "id": "97d732cd-c8a9-44a4-8d28-f44a5a330b51",
    "data": [
      {
        "text": "contact call center",
        "userDefined": false
      }
    ],
    "isTemplate": false,
    "count": 0,
    "lang": "en",
    "updated": 0
  },
  {
    "id": "ad9fdde3-f2c8-4702-b411-36077f090548",
    "data": [
      {
        "text": "I want to issue a complaint",
        "userDefined": false
      }
    ],
    "isTemplate": false,
    "count": 0,
    "lang": "en",
    "updated": 0
  },
  {
    "id": "029baf7a-c188-434d-9146-2df34c4875fb",
    "data": [
      {
        "text": "I want to register a complaint",
        "userDefined": false
      }
    ],
    "isTemplate": false,
    "count": 0,
    "lang": "en",
    "updated": 0
  },
  {
    "id": "77cfb617-b9dc-44f5-964c-7753571a68ea",
    "data": [
      {
        "text": "Day and Night Customer Service Center",
        "userDefined": false
      }
    ],
    "isTemplate": false,
    "count": 0,
    "lang": "en",
    "updated": 0
  },
  {
    "id": "f77ea314-71b1-4567-9212-bf97661ad5d0",
    "data": [
      {
        "text": "Always Open Contact Center",
        "userDefined": false
      }
    ],
    "isTemplate": false,
    "count": 0,
    "lang": "en",
    "updated": 0
  },
  {
    "id": "875b1886-f0ae-47f5-a7c7-1b77aaf12299",
    "data": [
      {
        "text": "Continuous Call Center",
        "userDefined": false
      }
    ],
    "isTemplate": false,
    "count": 0,
    "lang": "en",
    "updated": 0
  },
  {
    "id": "cc4e8efe-4a20-48a9-b5c4-d71cc597fd56",
    "data": [
      {
        "text": "24/7",
        "userDefined": false
      },
      {
        "text": " Helpline",
        "userDefined": false
      }
    ],
    "isTemplate": false,
    "count": 0,
    "lang": "en",
    "updated": 0
  },
  {
    "id": "047672fb-ad49-4cf9-a0d7-12f9562efecc",
    "data": [
      {
        "text": "toll number",
        "userDefined": false
      }
    ],
    "isTemplate": false,
    "count": 0,
    "lang": "en",
    "updated": 0
  },
  {
    "id": "17574544-a885-4499-98ce-b4862189a1a2",
    "data": [
      {
        "text": "helpline",
        "userDefined": false
      }
    ],
    "isTemplate": false,
    "count": 0,
    "lang": "en",
    "updated": 0
  },
  {
    "id": "ce2250fd-c6b3-4f5d-ab45-052b93cebe5a",
    "data": [
      {
        "text": "Round-the-Clock Call Center",
        "userDefined": false
      }
    ],
    "isTemplate": false,
    "count": 1,
    "lang": "en",
    "updated": 0
  },
  {
    "id": "0885f349-5723-4fd3-afba-e56c35606d4d",
    "data": [
      {
        "text": "24",
        "userDefined": false
      },
      {
        "text": "x7 Call Center",
        "userDefined": false
      }
    ],
    "isTemplate": false,
    "count": 0,
    "lang": "en",
    "updated": 0
  }
]