[
  {
    "id": "daea0167-8d2d-4fb0-b1c6-d4e9aa9c10d5",
    "data": [
      {
        "text": "what is rajkot municipal corporation",
        "userDefined": false
      }
    ],
    "isTemplate": false,
    "count": 0,
    "lang": "en",
    "updated": 0
  },
  {
    "id": "0e28433f-4132-4670-b306-c11a7af31cc5",
    "data": [
      {
        "text": "rajkot",
        "meta": "@sys.geo-city",
        "alias": "geo-city",
        "userDefined": false
      },
      {
        "text": " municipal corporation",
        "userDefined": false
      }
    ],
    "isTemplate": false,
    "count": 0,
    "lang": "en",
    "updated": 0
  },
  {
    "id": "6509d75b-914d-4a92-b973-d39a304ee23e",
    "data": [
      {
        "text": "rmc",
        "userDefined": false
      }
    ],
    "isTemplate": false,
    "count": 0,
    "lang": "en",
    "updated": 0
  },
  {
    "id": "263fecd5-b04d-48d9-a70e-14028f0c05bd",
    "data": [
      {
        "text": "what is rmc",
        "userDefined": false
      }
    ],
    "isTemplate": false,
    "count": 0,
    "lang": "en",
    "updated": 0
  },
  {
    "id": "ba48ff88-f2f0-4c3d-86c2-e1cb21d50c14",
    "data": [
      {
        "text": "about rmc",
        "userDefined": false
      }
    ],
    "isTemplate": false,
    "count": 0,
    "lang": "en",
    "updated": 0
  },
  {
    "id": "d9f5c359-7bee-4bfc-82b7-2abb561f6696",
    "data": [
      {
        "text": "tell me about ",
        "userDefined": false
      },
      {
        "text": "rajkot",
        "meta": "@sys.geo-city",
        "alias": "geo-city",
        "userDefined": false
      },
      {
        "text": " municipal corporation",
        "userDefined": false
      }
    ],
    "isTemplate": false,
    "count": 0,
    "lang": "en",
    "updated": 0
  },
  {
    "id": "aac93182-4880-4106-97d2-32b68e6f8243",
    "data": [
      {
        "text": "tell me about rmc",
        "userDefined": false
      }
    ],
    "isTemplate": false,
    "count": 0,
    "lang": "en",
    "updated": 0
  },
  {
    "id": "8f275137-c5de-42fa-969a-f3cea82ee902",
    "data": [
      {
        "text": "can u tell me more about rmc",
        "userDefined": false
      }
    ],
    "isTemplate": false,
    "count": 0,
    "lang": "en",
    "updated": 0
  },
  {
    "id": "5baa3ff8-153a-4695-8b33-215e2df0ba52",
    "data": [
      {
        "text": "about us",
        "userDefined": false
      }
    ],
    "isTemplate": false,
    "count": 0,
    "lang": "en",
    "updated": 0
  }
]