[
  {
    "id": "9dcd7d63-66e8-4350-a269-0fe0c9e00212",
    "data": [
      {
        "text": "application",
        "userDefined": false
      }
    ],
    "isTemplate": false,
    "count": 0,
    "lang": "en",
    "updated": 0
  },
  {
    "id": "08cde9da-d742-476e-990a-938ee9045957",
    "data": [
      {
        "text": "form for application",
        "userDefined": false
      }
    ],
    "isTemplate": false,
    "count": 0,
    "lang": "en",
    "updated": 0
  },
  {
    "id": "53362edb-d4e6-44c6-adf7-42c8afe1b0fe",
    "data": [
      {
        "text": "Application Form",
        "userDefined": false
      }
    ],
    "isTemplate": false,
    "count": 0,
    "lang": "en",
    "updated": 0
  }
]