[
  {
    "id": "0bd041c5-9379-4220-91d7-09ba79da97ac",
    "data": [
      {
        "text": "open the avas yojna tab",
        "userDefined": false
      }
    ],
    "isTemplate": false,
    "count": 0,
    "lang": "en",
    "updated": 0
  },
  {
    "id": "eb253737-67fa-4a6e-9ec9-fe2b8d6ddf09",
    "data": [
      {
        "text": "view past payments",
        "userDefined": false
      }
    ],
    "isTemplate": false,
    "count": 0,
    "lang": "en",
    "updated": 0
  },
  {
    "id": "0d346a2f-c2bd-4789-9bc8-2af0ce67bf77",
    "data": [
      {
        "text": "show me payment history",
        "userDefined": false
      }
    ],
    "isTemplate": false,
    "count": 0,
    "lang": "en",
    "updated": 0
  },
  {
    "id": "f8e1d22d-84ed-49b8-80dd-e85dae66b3ba",
    "data": [
      {
        "text": "give me installment payment plans",
        "userDefined": false
      }
    ],
    "isTemplate": false,
    "count": 0,
    "lang": "en",
    "updated": 0
  },
  {
    "id": "98e04437-2bd7-4544-bf56-84c9d2e8a0cc",
    "data": [
      {
        "text": "avas yojna installment payment",
        "userDefined": false
      }
    ],
    "isTemplate": false,
    "count": 0,
    "lang": "en",
    "updated": 0
  },
  {
    "id": "fd508de1-db7e-4044-b9d8-03767a51e28c",
    "data": [
      {
        "text": "installment payment",
        "userDefined": false
      }
    ],
    "isTemplate": false,
    "count": 0,
    "lang": "en",
    "updated": 0
  },
  {
    "id": "31a8965b-0163-4dc3-a858-44933523de5d",
    "data": [
      {
        "text": "awas yogna application form",
        "userDefined": false
      }
    ],
    "isTemplate": false,
    "count": 0,
    "lang": "en",
    "updated": 0
  },
  {
    "id": "6eec9fdc-7df7-43a6-8570-024d1c6438cd",
    "data": [
      {
        "text": "avas yojna application form",
        "userDefined": false
      }
    ],
    "isTemplate": false,
    "count": 0,
    "lang": "en",
    "updated": 0
  },
  {
    "id": "a72769c4-1be4-4425-a8b2-f2b24426ee2f",
    "data": [
      {
        "text": "open application form",
        "userDefined": false
      }
    ],
    "isTemplate": false,
    "count": 0,
    "lang": "en",
    "updated": 0
  },
  {
    "id": "4c84e402-fe91-4b03-98e3-2adb5bb97b6e",
    "data": [
      {
        "text": "yojna",
        "userDefined": false
      }
    ],
    "isTemplate": false,
    "count": 0,
    "lang": "en",
    "updated": 0
  },
  {
    "id": "b36e08cf-bd80-41b9-906a-4dc3b5567c2d",
    "data": [
      {
        "text": "avas",
        "userDefined": false
      }
    ],
    "isTemplate": false,
    "count": 0,
    "lang": "en",
    "updated": 0
  },
  {
    "id": "82ae1938-a874-423c-997e-806e245d1e2d",
    "data": [
      {
        "text": "avas yojna",
        "userDefined": false
      }
    ],
    "isTemplate": false,
    "count": 1,
    "lang": "en",
    "updated": 0
  }
]