[
  {
    "id": "c3aea9be-f772-4219-8634-17560addd985",
    "data": [
      {
        "text": "bill",
        "userDefined": false
      }
    ],
    "isTemplate": false,
    "count": 0,
    "lang": "en",
    "updated": 0
  },
  {
    "id": "38c8cb4b-5ced-404c-88c8-a382c8125393",
    "data": [
      {
        "text": "pass bill",
        "userDefined": false
      }
    ],
    "isTemplate": false,
    "count": 0,
    "lang": "en",
    "updated": 0
  },
  {
    "id": "160309ef-8ae6-4a53-a111-1a792f7f84ce",
    "data": [
      {
        "text": "receipt",
        "userDefined": false
      }
    ],
    "isTemplate": false,
    "count": 0,
    "lang": "en",
    "updated": 0
  },
  {
    "id": "c66fdbf3-0cea-4b27-a5ed-127e36f9ebbc",
    "data": [
      {
        "text": "Bus Fare Card Issuance",
        "userDefined": false
      }
    ],
    "isTemplate": false,
    "count": 0,
    "lang": "en",
    "updated": 0
  },
  {
    "id": "bae51cee-aeef-415b-9eeb-5a01f55a5637",
    "data": [
      {
        "text": "Public Transportation Pass Registration",
        "userDefined": false
      }
    ],
    "isTemplate": false,
    "count": 0,
    "lang": "en",
    "updated": 0
  },
  {
    "id": "5ac2223c-cdbf-4fb3-b8e2-53d2ee3ccae0",
    "data": [
      {
        "text": "Commuter Pass Enrollment",
        "userDefined": false
      }
    ],
    "isTemplate": false,
    "count": 0,
    "lang": "en",
    "updated": 0
  },
  {
    "id": "e067f86e-335d-4414-b094-fa499d217879",
    "data": [
      {
        "text": "Bus Travel Card Application",
        "userDefined": false
      }
    ],
    "isTemplate": false,
    "count": 0,
    "lang": "en",
    "updated": 0
  },
  {
    "id": "3d66796d-bf35-4b52-849c-1eb984241dce",
    "data": [
      {
        "text": "Transit Pass Registration",
        "userDefined": false
      }
    ],
    "isTemplate": false,
    "count": 0,
    "lang": "en",
    "updated": 0
  },
  {
    "id": "8115411c-3d0c-4a26-ad9a-99c50883e850",
    "data": [
      {
        "text": "receipt of bus pass",
        "userDefined": false
      }
    ],
    "isTemplate": false,
    "count": 0,
    "lang": "en",
    "updated": 0
  },
  {
    "id": "8067b79f-f650-42a5-a5c9-449103019e19",
    "data": [
      {
        "text": "bus pass receipt",
        "userDefined": false
      }
    ],
    "isTemplate": false,
    "count": 0,
    "lang": "en",
    "updated": 0
  }
]