[
  {
    "id": "5d3f8227-ae31-40dc-b7b2-9933aa7d7a6c",
    "data": [
      {
        "text": "bus registration",
        "userDefined": false
      }
    ],
    "isTemplate": false,
    "count": 0,
    "lang": "en",
    "updated": 0
  },
  {
    "id": "266c1357-b38d-4bab-88bd-1c9a4ccb6617",
    "data": [
      {
        "text": "bus register",
        "userDefined": false
      }
    ],
    "isTemplate": false,
    "count": 0,
    "lang": "en",
    "updated": 0
  },
  {
    "id": "053772fa-54df-4081-9996-396085d461af",
    "data": [
      {
        "text": "registration",
        "userDefined": false
      }
    ],
    "isTemplate": false,
    "count": 0,
    "lang": "en",
    "updated": 0
  },
  {
    "id": "b214434d-7f67-4998-83b3-dcbff612501c",
    "data": [
      {
        "text": "register",
        "userDefined": false
      }
    ],
    "isTemplate": false,
    "count": 0,
    "lang": "en",
    "updated": 0
  },
  {
    "id": "2a3fe885-1952-414b-b405-a5cf5cb606a3",
    "data": [
      {
        "text": "Bus Fare Card Issuance",
        "userDefined": false
      }
    ],
    "isTemplate": false,
    "count": 0,
    "lang": "en",
    "updated": 0
  },
  {
    "id": "811662ec-d62c-448c-9ee2-21bc16a88d90",
    "data": [
      {
        "text": "Transit Pass Registration",
        "userDefined": false
      }
    ],
    "isTemplate": false,
    "count": 0,
    "lang": "en",
    "updated": 0
  },
  {
    "id": "b49df67b-9646-4de4-8a78-dfd7e276aa62",
    "data": [
      {
        "text": "Commuter Pass Application",
        "userDefined": false
      }
    ],
    "isTemplate": false,
    "count": 0,
    "lang": "en",
    "updated": 0
  },
  {
    "id": "97fd950f-5e9d-4ebc-aac4-754cc6f1fec3",
    "data": [
      {
        "text": "Bus Travel Card Enrollment",
        "userDefined": false
      }
    ],
    "isTemplate": false,
    "count": 0,
    "lang": "en",
    "updated": 0
  },
  {
    "id": "1103da21-a4fd-4207-8855-226f6136bcf5",
    "data": [
      {
        "text": "Public Transportation Pass Registration",
        "userDefined": false
      }
    ],
    "isTemplate": false,
    "count": 0,
    "lang": "en",
    "updated": 0
  },
  {
    "id": "72ab9447-1392-4577-8393-aa6f1d9d8c69",
    "data": [
      {
        "text": "register bus pass",
        "userDefined": false
      }
    ],
    "isTemplate": false,
    "count": 0,
    "lang": "en",
    "updated": 0
  },
  {
    "id": "57a7e117-fdcc-410e-920c-8a2a4a60c4f8",
    "data": [
      {
        "text": "bus pass registration",
        "userDefined": false
      }
    ],
    "isTemplate": false,
    "count": 0,
    "lang": "en",
    "updated": 0
  }
]