[
  {
    "id": "6cef54a7-ab63-4728-8158-6c81cb19a582",
    "data": [
      {
        "text": "cancel registration",
        "userDefined": false
      }
    ],
    "isTemplate": false,
    "count": 0,
    "lang": "en",
    "updated": 0
  },
  {
    "id": "5b62e669-c65c-49a3-bbb4-9419cf55d0fe",
    "data": [
      {
        "text": "cancel",
        "userDefined": false
      }
    ],
    "isTemplate": false,
    "count": 0,
    "lang": "en",
    "updated": 0
  },
  {
    "id": "a01bc4b5-88a5-41b1-bd1e-6ca33e49e4c5",
    "data": [
      {
        "text": "Terminate Store Registration",
        "userDefined": false
      }
    ],
    "isTemplate": false,
    "count": 0,
    "lang": "en",
    "updated": 0
  },
  {
    "id": "ff868de5-9824-4d61-96ee-010b9a3520b4",
    "data": [
      {
        "text": "Withdraw Shop Licensing",
        "userDefined": false
      }
    ],
    "isTemplate": false,
    "count": 0,
    "lang": "en",
    "updated": 0
  },
  {
    "id": "ae928c60-3339-4c51-8e25-4486dd576743",
    "data": [
      {
        "text": "Nullify Retail Outlet Registration",
        "userDefined": false
      }
    ],
    "isTemplate": false,
    "count": 0,
    "lang": "en",
    "updated": 0
  },
  {
    "id": "aac80ca7-c852-4694-b39a-db127684e15f",
    "data": [
      {
        "text": "Cancel Store Enrollment",
        "userDefined": false
      }
    ],
    "isTemplate": false,
    "count": 0,
    "lang": "en",
    "updated": 0
  },
  {
    "id": "50c89b44-eba7-41a3-8f78-059e7d1518c0",
    "data": [
      {
        "text": "Revoke Shop Registration",
        "userDefined": false
      }
    ],
    "isTemplate": false,
    "count": 0,
    "lang": "en",
    "updated": 0
  },
  {
    "id": "9b66b0da-7302-483a-8a0a-158888b869b0",
    "data": [
      {
        "text": "cancel shop registration",
        "userDefined": false
      }
    ],
    "isTemplate": false,
    "count": 0,
    "lang": "en",
    "updated": 0
  }
]