[
  {
    "id": "fe07f705-59cd-43e5-a79d-0aa04d40cd94",
    "data": [
      {
        "text": "list of carpenters",
        "userDefined": false
      }
    ],
    "isTemplate": false,
    "count": 0,
    "lang": "en",
    "updated": 0
  },
  {
    "id": "fcec804c-5394-4b0c-af0d-e767bd830166",
    "data": [
      {
        "text": "carpenter list",
        "userDefined": false
      }
    ],
    "isTemplate": false,
    "count": 0,
    "lang": "en",
    "updated": 0
  },
  {
    "id": "04a720a8-b04d-4eae-a4cc-1a2feefef8a8",
    "data": [
      {
        "text": "Carpenter\u0027s List",
        "userDefined": false
      }
    ],
    "isTemplate": false,
    "count": 0,
    "lang": "en",
    "updated": 0
  }
]