[
  {
    "id": "c5bc1d9e-d8b6-447e-b800-ac02fd99ee16",
    "data": [
      {
        "text": "ok",
        "userDefined": false
      }
    ],
    "isTemplate": false,
    "count": 0,
    "lang": "en",
    "updated": 0
  },
  {
    "id": "e710fbe0-4245-4246-b9af-a1fc8a60defd",
    "data": [
      {
        "text": "problem solved",
        "userDefined": false
      }
    ],
    "isTemplate": false,
    "count": 0,
    "lang": "en",
    "updated": 0
  },
  {
    "id": "4c2493ce-3c25-4caf-86a1-c4151241f7dc",
    "data": [
      {
        "text": "bye",
        "userDefined": false
      }
    ],
    "isTemplate": false,
    "count": 0,
    "lang": "en",
    "updated": 0
  },
  {
    "id": "38f572d4-3b57-4c2c-8a8a-38b8062cbb1b",
    "data": [
      {
        "text": "task complete",
        "userDefined": false
      }
    ],
    "isTemplate": false,
    "count": 0,
    "lang": "en",
    "updated": 0
  },
  {
    "id": "000d8373-3145-4bdf-98de-6b8405f32e01",
    "data": [
      {
        "text": "complete",
        "userDefined": false
      }
    ],
    "isTemplate": false,
    "count": 0,
    "lang": "en",
    "updated": 0
  },
  {
    "id": "1b5f1f49-1ad8-4600-8cdd-59a7067c41f9",
    "data": [
      {
        "text": "doubt solved",
        "userDefined": false
      }
    ],
    "isTemplate": false,
    "count": 0,
    "lang": "en",
    "updated": 0
  },
  {
    "id": "09c1aedf-9298-47ea-b243-998201c28b93",
    "data": [
      {
        "text": "thanks",
        "userDefined": false
      }
    ],
    "isTemplate": false,
    "count": 0,
    "lang": "en",
    "updated": 0
  },
  {
    "id": "a0225a6c-b88d-4965-9f28-0959a0d64380",
    "data": [
      {
        "text": "thx",
        "userDefined": false
      }
    ],
    "isTemplate": false,
    "count": 0,
    "lang": "en",
    "updated": 0
  },
  {
    "id": "9eaea3de-bc51-4850-b960-87910677bfae",
    "data": [
      {
        "text": "done",
        "userDefined": false
      }
    ],
    "isTemplate": false,
    "count": 1,
    "lang": "en",
    "updated": 0
  },
  {
    "id": "4b07bfdf-bfed-4dfe-b510-18c18cbae287",
    "data": [
      {
        "text": "thats all i wanted",
        "userDefined": false
      }
    ],
    "isTemplate": false,
    "count": 0,
    "lang": "en",
    "updated": 0
  },
  {
    "id": "155d8684-1a20-4818-a270-85334911a32b",
    "data": [
      {
        "text": "that\u0027s all",
        "userDefined": false
      }
    ],
    "isTemplate": false,
    "count": 0,
    "lang": "en",
    "updated": 0
  },
  {
    "id": "bbed83cf-9a96-4a76-b7c4-7bd3a69a79e0",
    "data": [
      {
        "text": "thats all",
        "userDefined": false
      }
    ],
    "isTemplate": false,
    "count": 0,
    "lang": "en",
    "updated": 0
  },
  {
    "id": "3763d41d-a5b6-45a0-bcde-ac09d790f96d",
    "data": [
      {
        "text": "Thank u",
        "userDefined": false
      }
    ],
    "isTemplate": false,
    "count": 0,
    "lang": "en",
    "updated": 0
  },
  {
    "id": "7424e370-a70d-4488-a02f-3d51c2450490",
    "data": [
      {
        "text": "no thats it",
        "userDefined": false
      }
    ],
    "isTemplate": false,
    "count": 0,
    "lang": "en",
    "updated": 0
  },
  {
    "id": "12c102bb-c88d-4b69-9f66-b77b20767cff",
    "data": [
      {
        "text": "no that\u0027s it",
        "userDefined": false
      }
    ],
    "isTemplate": false,
    "count": 0,
    "lang": "en",
    "updated": 0
  },
  {
    "id": "93010d54-990b-403f-b96f-2c1d91fd7cd8",
    "data": [
      {
        "text": "thank you",
        "userDefined": false
      }
    ],
    "isTemplate": false,
    "count": 1,
    "lang": "en",
    "updated": 0
  }
]