[
  {
    "id": "625811e7-290f-4b56-bfb1-afad3ff49533",
    "data": [
      {
        "text": "132",
        "meta": "@sys.number",
        "alias": "complaint_id",
        "userDefined": false
      }
    ],
    "isTemplate": false,
    "count": 0,
    "lang": "en",
    "updated": 0
  },
  {
    "id": "c37124f1-a5bd-45d7-a0c6-2a28621a1caa",
    "data": [
      {
        "text": "135",
        "meta": "@sys.number",
        "alias": "complaint_id",
        "userDefined": false
      }
    ],
    "isTemplate": false,
    "count": 0,
    "lang": "en",
    "updated": 0
  },
  {
    "id": "663121d3-a5df-4ab1-b319-3d29e21a75b1",
    "data": [
      {
        "text": "complaint id \u003d ",
        "userDefined": false
      },
      {
        "text": "136",
        "meta": "@sys.number",
        "alias": "complaint_id",
        "userDefined": false
      }
    ],
    "isTemplate": false,
    "count": 0,
    "lang": "en",
    "updated": 0
  },
  {
    "id": "2e1e34d7-0101-42d9-b0f8-1b79bf639a5f",
    "data": [
      {
        "text": "id is ",
        "userDefined": false
      },
      {
        "text": "139",
        "meta": "@sys.number",
        "alias": "complaint_id",
        "userDefined": false
      }
    ],
    "isTemplate": false,
    "count": 0,
    "lang": "en",
    "updated": 0
  },
  {
    "id": "fccf3c6d-b39c-46de-bca9-2fb8e3291e45",
    "data": [
      {
        "text": "133",
        "meta": "@sys.number",
        "alias": "complaint_id",
        "userDefined": false
      }
    ],
    "isTemplate": false,
    "count": 0,
    "lang": "en",
    "updated": 0
  },
  {
    "id": "7624d662-cbe6-443f-81b3-43a2bc268966",
    "data": [
      {
        "text": "complaint id is ",
        "userDefined": false
      },
      {
        "text": "142",
        "meta": "@sys.number",
        "alias": "complaint_id",
        "userDefined": false
      }
    ],
    "isTemplate": false,
    "count": 0,
    "lang": "en",
    "updated": 0
  }
]