[
  {
    "id": "43720ccc-a573-45c9-b3ed-56359a88216f",
    "data": [
      {
        "text": "status of my complaint",
        "userDefined": false
      }
    ],
    "isTemplate": false,
    "count": 0,
    "lang": "en",
    "updated": 0
  },
  {
    "id": "49a03859-cabd-461a-a9fb-b21bf3af4cca",
    "data": [
      {
        "text": "status of complaint",
        "userDefined": false
      }
    ],
    "isTemplate": false,
    "count": 0,
    "lang": "en",
    "updated": 0
  },
  {
    "id": "76d25607-cfe3-42a2-869c-03d59c4cb5e4",
    "data": [
      {
        "text": "check complaint status",
        "userDefined": false
      }
    ],
    "isTemplate": false,
    "count": 0,
    "lang": "en",
    "updated": 0
  },
  {
    "id": "3dea20da-704c-495c-baa4-c690efb1b6b7",
    "data": [
      {
        "text": "complaint status",
        "userDefined": false
      }
    ],
    "isTemplate": false,
    "count": 0,
    "lang": "en",
    "updated": 0
  }
]