[
  {
    "id": "68942c14-13e1-4b9b-b22d-0ac1559c6e86",
    "data": [
      {
        "text": "Report an Issue",
        "userDefined": false
      }
    ],
    "isTemplate": false,
    "count": 0,
    "lang": "en",
    "updated": 0
  },
  {
    "id": "258489ce-fa30-4d96-8a41-7b4ace44bddc",
    "data": [
      {
        "text": "Complaint Submission",
        "userDefined": false
      }
    ],
    "isTemplate": false,
    "count": 0,
    "lang": "en",
    "updated": 0
  },
  {
    "id": "8a8fbc64-c5f3-480a-8406-113c9ef0b41f",
    "data": [
      {
        "text": "Filing a Grievance",
        "userDefined": false
      }
    ],
    "isTemplate": false,
    "count": 0,
    "lang": "en",
    "updated": 0
  },
  {
    "id": "022fd7b0-43ca-45f6-9512-dad98d6a8a1e",
    "data": [
      {
        "text": "Lodge a Complaint",
        "userDefined": false
      }
    ],
    "isTemplate": false,
    "count": 0,
    "lang": "en",
    "updated": 0
  },
  {
    "id": "6367a126-3221-4134-a751-cdbd26d566af",
    "data": [
      {
        "text": "Registration of Complaints",
        "userDefined": false
      }
    ],
    "isTemplate": false,
    "count": 0,
    "lang": "en",
    "updated": 0
  },
  {
    "id": "8bfde9f9-1bf9-4ac7-bf5d-bfc3e110c7b9",
    "data": [
      {
        "text": "complaint",
        "userDefined": false
      }
    ],
    "isTemplate": false,
    "count": 0,
    "lang": "en",
    "updated": 0
  },
  {
    "id": "f75c253f-4d59-4610-8211-1c841e20c8cc",
    "data": [
      {
        "text": "register complaint",
        "userDefined": false
      }
    ],
    "isTemplate": false,
    "count": 0,
    "lang": "en",
    "updated": 0
  },
  {
    "id": "e0e124a8-f2a0-4d4b-975f-c54ceeefb1ee",
    "data": [
      {
        "text": "Complaint Registration",
        "userDefined": false
      }
    ],
    "isTemplate": false,
    "count": 0,
    "lang": "en",
    "updated": 0
  }
]