[
  {
    "id": "8c05638b-2e68-4c62-bd5d-543e684e2c95",
    "data": [
      {
        "text": "Bicycle Promotion Project",
        "userDefined": false
      }
    ],
    "isTemplate": false,
    "count": 0,
    "lang": "en",
    "updated": 0
  },
  {
    "id": "b42e0790-1fa5-4b45-b61c-969ee553b480",
    "data": [
      {
        "text": "Program to Encourage Bicycling",
        "userDefined": false
      }
    ],
    "isTemplate": false,
    "count": 0,
    "lang": "en",
    "updated": 0
  },
  {
    "id": "2f59050e-29f7-4f92-86cf-fc9d74863bb3",
    "data": [
      {
        "text": "Cycle Awareness Campaign",
        "userDefined": false
      }
    ],
    "isTemplate": false,
    "count": 0,
    "lang": "en",
    "updated": 0
  },
  {
    "id": "f288535e-5585-4aa2-8836-354e2bca68cf",
    "data": [
      {
        "text": "Project for Promoting Cycling",
        "userDefined": false
      }
    ],
    "isTemplate": false,
    "count": 0,
    "lang": "en",
    "updated": 0
  },
  {
    "id": "0b9e616e-18f9-41b8-8432-b21371f2a26f",
    "data": [
      {
        "text": "Bicycle Advocacy Initiative",
        "userDefined": false
      }
    ],
    "isTemplate": false,
    "count": 0,
    "lang": "en",
    "updated": 0
  },
  {
    "id": "3fdd71f4-3417-415f-8519-967d501c98ba",
    "data": [
      {
        "text": "Cycle Promotion Project",
        "userDefined": false
      }
    ],
    "isTemplate": false,
    "count": 0,
    "lang": "en",
    "updated": 0
  }
]