[
  {
    "id": "5e012025-6ed6-4013-ae02-44e2262abd56",
    "data": [
      {
        "text": "e-bike",
        "userDefined": false
      }
    ],
    "isTemplate": false,
    "count": 0,
    "lang": "en",
    "updated": 0
  },
  {
    "id": "aa179d5a-dac3-4591-bfa2-27e68dedc58b",
    "data": [
      {
        "text": "Electric Bike Promotion Project",
        "userDefined": false
      }
    ],
    "isTemplate": false,
    "count": 0,
    "lang": "en",
    "updated": 0
  },
  {
    "id": "7cf888e8-9a54-4192-a808-fdd01303df5e",
    "data": [
      {
        "text": "Program to Encourage Electric Bicycling",
        "userDefined": false
      }
    ],
    "isTemplate": false,
    "count": 0,
    "lang": "en",
    "updated": 0
  },
  {
    "id": "05d3d98a-6dab-4e5f-a87b-add40c88b382",
    "data": [
      {
        "text": "E-Bike Awareness Campaign",
        "userDefined": false
      }
    ],
    "isTemplate": false,
    "count": 0,
    "lang": "en",
    "updated": 0
  },
  {
    "id": "ae39c84a-fd75-430f-82b1-981ae047af54",
    "data": [
      {
        "text": "Project for Promoting E-Bikes",
        "userDefined": false
      }
    ],
    "isTemplate": false,
    "count": 0,
    "lang": "en",
    "updated": 0
  },
  {
    "id": "470a04dc-c51d-49ea-9357-c87b507e6fbb",
    "data": [
      {
        "text": "Electric Bicycle Advocacy Program",
        "userDefined": false
      }
    ],
    "isTemplate": false,
    "count": 0,
    "lang": "en",
    "updated": 0
  },
  {
    "id": "80abdd32-8e09-4d57-9d6e-31aeb9912027",
    "data": [
      {
        "text": "promotion project for e bike",
        "userDefined": false
      }
    ],
    "isTemplate": false,
    "count": 0,
    "lang": "en",
    "updated": 0
  },
  {
    "id": "1dcf367f-0dd6-467f-8ef9-8a55f5c934a9",
    "data": [
      {
        "text": "e bike promotion project",
        "userDefined": false
      }
    ],
    "isTemplate": false,
    "count": 0,
    "lang": "en",
    "updated": 0
  },
  {
    "id": "64bfedcb-2884-46b3-8986-7496f7b4954e",
    "data": [
      {
        "text": "E-Bike Promotion Project",
        "userDefined": false
      }
    ],
    "isTemplate": false,
    "count": 0,
    "lang": "en",
    "updated": 0
  }
]