[
  {
    "id": "c98014d4-d161-46f5-8da5-ad4820ef7d78",
    "data": [
      {
        "text": "online fees payment",
        "userDefined": false
      }
    ],
    "isTemplate": false,
    "count": 0,
    "lang": "en",
    "updated": 0
  },
  {
    "id": "7c23c808-023c-444d-b329-9c206f8e64bf",
    "data": [
      {
        "text": "I want to pay online",
        "userDefined": false
      }
    ],
    "isTemplate": false,
    "count": 0,
    "lang": "en",
    "updated": 0
  },
  {
    "id": "6c137ae9-78cc-471e-add8-d0c9e58ed6e3",
    "data": [
      {
        "text": "i want to pay online fees",
        "userDefined": false
      }
    ],
    "isTemplate": false,
    "count": 0,
    "lang": "en",
    "updated": 0
  },
  {
    "id": "05ee81af-bfc4-4771-8498-799eb8562005",
    "data": [
      {
        "text": "Online Memo Fund Transfer",
        "userDefined": false
      }
    ],
    "isTemplate": false,
    "count": 0,
    "lang": "en",
    "updated": 0
  },
  {
    "id": "ffe9e67b-7645-494f-bd63-f603f7b9fbf6",
    "data": [
      {
        "text": "Memo Payment via Email",
        "userDefined": false
      }
    ],
    "isTemplate": false,
    "count": 0,
    "lang": "en",
    "updated": 0
  },
  {
    "id": "0c3c9aee-d091-45ab-bbe3-17afb32a05f2",
    "data": [
      {
        "text": "Digital Memo Settlement",
        "userDefined": false
      }
    ],
    "isTemplate": false,
    "count": 0,
    "lang": "en",
    "updated": 0
  },
  {
    "id": "403250aa-eea2-4fc1-8551-79b33239e01a",
    "data": [
      {
        "text": "E-Memorandum Transaction",
        "userDefined": false
      }
    ],
    "isTemplate": false,
    "count": 0,
    "lang": "en",
    "updated": 0
  },
  {
    "id": "fa4881e1-cb6b-430d-b8eb-f55b04eee5f7",
    "data": [
      {
        "text": "Electronic Memo Payment",
        "userDefined": false
      }
    ],
    "isTemplate": false,
    "count": 0,
    "lang": "en",
    "updated": 0
  },
  {
    "id": "5a73adc4-47b7-4c1a-8129-5d055bd4fc6d",
    "data": [
      {
        "text": "pay e-memo",
        "userDefined": false
      }
    ],
    "isTemplate": false,
    "count": 0,
    "lang": "en",
    "updated": 0
  },
  {
    "id": "56a4c338-3a0b-4e6c-b6e8-9a1c1a453784",
    "data": [
      {
        "text": "pay e memo",
        "userDefined": false
      }
    ],
    "isTemplate": false,
    "count": 0,
    "lang": "en",
    "updated": 0
  },
  {
    "id": "cbed2602-2d7f-40da-b1ad-ace628e44c15",
    "data": [
      {
        "text": "e memo payment",
        "userDefined": false
      }
    ],
    "isTemplate": false,
    "count": 0,
    "lang": "en",
    "updated": 0
  },
  {
    "id": "a6b71cb1-4322-425b-a23b-fa1cc0b6f2fe",
    "data": [
      {
        "text": "E-memo payment",
        "userDefined": false
      }
    ],
    "isTemplate": false,
    "count": 0,
    "lang": "en",
    "updated": 0
  }
]