[
  {
    "id": "bccc7dfd-b41d-4ed4-aa0a-e5acdaae1e9e",
    "data": [
      {
        "text": "Duplicate Form Retrieval",
        "userDefined": false
      }
    ],
    "isTemplate": false,
    "count": 0,
    "lang": "en",
    "updated": 0
  },
  {
    "id": "7fe31a81-83e9-45a1-8dc8-7fb0635b2c11",
    "data": [
      {
        "text": "Obtain Copy of Form",
        "userDefined": false
      }
    ],
    "isTemplate": false,
    "count": 0,
    "lang": "en",
    "updated": 0
  },
  {
    "id": "49a1edf7-b018-40a9-99cd-e5fb6a5667e2",
    "data": [
      {
        "text": "Request Duplicate Form",
        "userDefined": false
      }
    ],
    "isTemplate": false,
    "count": 0,
    "lang": "en",
    "updated": 0
  },
  {
    "id": "8c499e67-aebc-4848-a6be-02fb6c452372",
    "data": [
      {
        "text": "duplicate form",
        "userDefined": false
      }
    ],
    "isTemplate": false,
    "count": 0,
    "lang": "en",
    "updated": 0
  },
  {
    "id": "575120ed-c5d9-4a5c-be75-49d3e057ce22",
    "data": [
      {
        "text": "get duplicate form",
        "userDefined": false
      }
    ],
    "isTemplate": false,
    "count": 0,
    "lang": "en",
    "updated": 0
  }
]