[
  {
    "id": "7b77b939-3ada-465b-b0cf-6234f4736c8a",
    "data": [
      {
        "text": "hall",
        "meta": "@sys.color",
        "alias": "color",
        "userDefined": false
      }
    ],
    "isTemplate": false,
    "count": 0,
    "lang": "en",
    "updated": 0
  },
  {
    "id": "4161cf21-4554-41e6-9738-80b89839bb21",
    "data": [
      {
        "text": "book",
        "userDefined": false
      }
    ],
    "isTemplate": false,
    "count": 0,
    "lang": "en",
    "updated": 0
  },
  {
    "id": "ced53199-906c-4e3f-98ca-590f9779c5f2",
    "data": [
      {
        "text": "book ",
        "userDefined": false
      },
      {
        "text": "hall",
        "userDefined": false
      }
    ],
    "isTemplate": false,
    "count": 0,
    "lang": "en",
    "updated": 0
  },
  {
    "id": "bf395b78-8cd4-49f2-abc7-c8cf4a985ef3",
    "data": [
      {
        "text": "give me the hall booking ",
        "userDefined": false
      },
      {
        "text": "bill",
        "userDefined": false
      }
    ],
    "isTemplate": false,
    "count": 0,
    "lang": "en",
    "updated": 0
  },
  {
    "id": "d3d22d1d-f51e-475e-a5a5-2d4a48a3066c",
    "data": [
      {
        "text": "show me the hall booking receipt",
        "userDefined": false
      }
    ],
    "isTemplate": false,
    "count": 0,
    "lang": "en",
    "updated": 0
  },
  {
    "id": "250032f7-0e8e-410d-84dd-6555a7e2e685",
    "data": [
      {
        "text": "I want to view the hall booking charges",
        "userDefined": false
      }
    ],
    "isTemplate": false,
    "count": 0,
    "lang": "en",
    "updated": 0
  },
  {
    "id": "c32751a6-7fc4-491d-874e-8db0be2fbc3f",
    "data": [
      {
        "text": "I need to book a hall for the upcoming function",
        "userDefined": false
      }
    ],
    "isTemplate": false,
    "count": 0,
    "lang": "en",
    "updated": 0
  },
  {
    "id": "771e7137-d903-4d55-a5fc-2b4ccd54cc3b",
    "data": [
      {
        "text": "I wish to make a reservation for a hall for our event",
        "userDefined": false
      }
    ],
    "isTemplate": false,
    "count": 0,
    "lang": "en",
    "updated": 0
  },
  {
    "id": "4112fb49-b655-4ff0-8333-7e9f87f7398e",
    "data": [
      {
        "text": "I\u0027m interested in securing a hall for a gathering",
        "userDefined": false
      }
    ],
    "isTemplate": false,
    "count": 0,
    "lang": "en",
    "updated": 0
  },
  {
    "id": "0b765b8f-ac5b-421a-92ac-ee72a09af64e",
    "data": [
      {
        "text": "I want to book a hall for a special occasion",
        "userDefined": false
      }
    ],
    "isTemplate": false,
    "count": 0,
    "lang": "en",
    "updated": 0
  },
  {
    "id": "4aa9a368-fb2b-434f-90b2-5863d0da4fb6",
    "data": [
      {
        "text": "I\u0027d like to reserve a hall for an upcoming event",
        "userDefined": false
      }
    ],
    "isTemplate": false,
    "count": 0,
    "lang": "en",
    "updated": 0
  },
  {
    "id": "b7a243aa-bd90-45c5-8412-40ef028128f3",
    "data": [
      {
        "text": "I want to book a ",
        "userDefined": false
      },
      {
        "text": "hall",
        "userDefined": false
      }
    ],
    "isTemplate": false,
    "count": 0,
    "lang": "en",
    "updated": 0
  },
  {
    "id": "dab46a69-162f-4b15-adf9-38fdf288d66a",
    "data": [
      {
        "text": "Function Hall Booking",
        "userDefined": false
      }
    ],
    "isTemplate": false,
    "count": 0,
    "lang": "en",
    "updated": 0
  },
  {
    "id": "4d74cb60-2f64-48f2-be82-39b8f16f2342",
    "data": [
      {
        "text": "Hall",
        "userDefined": false
      },
      {
        "text": " Reservation",
        "userDefined": false
      }
    ],
    "isTemplate": false,
    "count": 0,
    "lang": "en",
    "updated": 0
  },
  {
    "id": "d842db62-10db-41a9-b751-e7094e2209be",
    "data": [
      {
        "text": "Booking of Event Space",
        "userDefined": false
      }
    ],
    "isTemplate": false,
    "count": 0,
    "lang": "en",
    "updated": 0
  },
  {
    "id": "53217875-15eb-457e-9600-82c4d5652bbd",
    "data": [
      {
        "text": "Hall",
        "userDefined": false
      },
      {
        "text": " Rental",
        "userDefined": false
      }
    ],
    "isTemplate": false,
    "count": 0,
    "lang": "en",
    "updated": 0
  },
  {
    "id": "db3447a0-b2c2-4ebf-89b4-995d8ce7e41d",
    "data": [
      {
        "text": "Reservation of Hall",
        "userDefined": false
      }
    ],
    "isTemplate": false,
    "count": 0,
    "lang": "en",
    "updated": 0
  },
  {
    "id": "6d7f15c6-4b42-41e8-9d9d-6b7ff8dfa8c8",
    "data": [
      {
        "text": "hall book",
        "userDefined": false
      }
    ],
    "isTemplate": false,
    "count": 1,
    "lang": "en",
    "updated": 0
  },
  {
    "id": "005c6191-8de5-461c-8a6a-047b8df8b73e",
    "data": [
      {
        "text": "hall booking",
        "userDefined": false
      }
    ],
    "isTemplate": false,
    "count": 0,
    "lang": "en",
    "updated": 0
  }
]