[
  {
    "id": "4050379a-81d2-4f9c-9156-beb173b7535c",
    "data": [
      {
        "text": "bill",
        "userDefined": false
      }
    ],
    "isTemplate": false,
    "count": 0,
    "lang": "en",
    "updated": 0
  },
  {
    "id": "71fa94c3-dc16-4285-be5e-059925b586c5",
    "data": [
      {
        "text": "hall",
        "meta": "@sys.color",
        "alias": "color",
        "userDefined": false
      },
      {
        "text": " receipt",
        "userDefined": false
      }
    ],
    "isTemplate": false,
    "count": 0,
    "lang": "en",
    "updated": 0
  },
  {
    "id": "b56c4010-78d0-4a72-8774-419cb383c15e",
    "data": [
      {
        "text": "receipt",
        "userDefined": false
      }
    ],
    "isTemplate": false,
    "count": 0,
    "lang": "en",
    "updated": 0
  },
  {
    "id": "304edcba-6879-40a6-8044-8fdf5378336c",
    "data": [
      {
        "text": "bill of ",
        "userDefined": false
      },
      {
        "text": "hall",
        "meta": "@sys.person",
        "alias": "person",
        "userDefined": false
      }
    ],
    "isTemplate": false,
    "count": 0,
    "lang": "en",
    "updated": 0
  },
  {
    "id": "95e4c33b-4593-4a89-b749-c097ddaa5271",
    "data": [
      {
        "text": "bill for hall booking",
        "userDefined": false
      }
    ],
    "isTemplate": false,
    "count": 0,
    "lang": "en",
    "updated": 0
  },
  {
    "id": "ba554aa7-a5e3-4023-b7f5-8f40f2270412",
    "data": [
      {
        "text": "receipt of ",
        "userDefined": false
      },
      {
        "text": "hall",
        "meta": "@sys.person",
        "alias": "person",
        "userDefined": false
      }
    ],
    "isTemplate": false,
    "count": 0,
    "lang": "en",
    "updated": 0
  },
  {
    "id": "01041c30-345f-461e-8dcc-48310960b26b",
    "data": [
      {
        "text": "receipt for ",
        "userDefined": false
      },
      {
        "text": "hall",
        "meta": "@sys.color",
        "alias": "color",
        "userDefined": false
      },
      {
        "text": " booking",
        "userDefined": false
      }
    ],
    "isTemplate": false,
    "count": 0,
    "lang": "en",
    "updated": 0
  },
  {
    "id": "1c4f18c6-a75a-4d06-ab4e-7af0f5fa0129",
    "data": [
      {
        "text": "hall booking bill",
        "userDefined": false
      }
    ],
    "isTemplate": false,
    "count": 0,
    "lang": "en",
    "updated": 0
  },
  {
    "id": "67e4f764-c6db-4024-92d1-275594cdd0e0",
    "data": [
      {
        "text": "hall booking receipt",
        "userDefined": false
      }
    ],
    "isTemplate": false,
    "count": 0,
    "lang": "en",
    "updated": 0
  }
]