[
  {
    "id": "471bf767-a845-4b21-9d6f-0100f879cb45",
    "data": [
      {
        "text": "register",
        "userDefined": false
      }
    ],
    "isTemplate": false,
    "count": 0,
    "lang": "en",
    "updated": 0
  },
  {
    "id": "cfc00adf-bc4d-4e96-9d4d-3e33e07c1c1c",
    "data": [
      {
        "text": "Differently-Abled Property Documentation",
        "userDefined": false
      }
    ],
    "isTemplate": false,
    "count": 0,
    "lang": "en",
    "updated": 0
  },
  {
    "id": "0e73214a-ed08-49b5-a284-209be1ec7adb",
    "data": [
      {
        "text": "Registration of Properties for Individuals with Disabilities",
        "userDefined": false
      }
    ],
    "isTemplate": false,
    "count": 0,
    "lang": "en",
    "updated": 0
  },
  {
    "id": "b49cd769-1deb-4a1c-8ce7-8a554048cfea",
    "data": [
      {
        "text": "Special Needs Property Registration",
        "userDefined": false
      }
    ],
    "isTemplate": false,
    "count": 0,
    "lang": "en",
    "updated": 0
  },
  {
    "id": "4a7ba612-62e7-4030-af07-e0ad3faff2a9",
    "data": [
      {
        "text": "Handicap Property Enrollment",
        "userDefined": false
      }
    ],
    "isTemplate": false,
    "count": 0,
    "lang": "en",
    "updated": 0
  },
  {
    "id": "4904e39e-d3d7-4291-8530-2ebb8b2a763d",
    "data": [
      {
        "text": "Property Registration for Persons with Disabilities",
        "userDefined": false
      }
    ],
    "isTemplate": false,
    "count": 0,
    "lang": "en",
    "updated": 0
  },
  {
    "id": "c9a2cf08-efc5-4444-9833-b8ac8fea0711",
    "data": [
      {
        "text": "handicapped register property",
        "userDefined": false
      }
    ],
    "isTemplate": false,
    "count": 0,
    "lang": "en",
    "updated": 0
  },
  {
    "id": "be0292a5-525b-4a63-9bef-63fc45ecf061",
    "data": [
      {
        "text": "handicapped property registration",
        "userDefined": false
      }
    ],
    "isTemplate": false,
    "count": 0,
    "lang": "en",
    "updated": 0
  }
]