[
  {
    "id": "6a3bf7ae-e66e-4270-859b-9ce3a35a73fd",
    "data": [
      {
        "text": "license",
        "userDefined": false
      }
    ],
    "isTemplate": false,
    "count": 0,
    "lang": "en",
    "updated": 0
  },
  {
    "id": "59ca279f-dfdf-4c48-a18b-21352601ca49",
    "data": [
      {
        "text": "flow of license",
        "userDefined": false
      }
    ],
    "isTemplate": false,
    "count": 0,
    "lang": "en",
    "updated": 0
  },
  {
    "id": "9b25be1c-cf9e-4218-ba0a-44da7a286d21",
    "data": [
      {
        "text": "license flow",
        "userDefined": false
      }
    ],
    "isTemplate": false,
    "count": 0,
    "lang": "en",
    "updated": 0
  }
]