[
  {
    "id": "48803edb-0a2c-499a-a324-2c59e43cfe66",
    "data": [
      {
        "text": "mason list",
        "userDefined": false
      }
    ],
    "isTemplate": false,
    "count": 0,
    "lang": "en",
    "updated": 0
  },
  {
    "id": "c61681f4-ca0c-4ec2-a3f5-ff2abdabcbae",
    "data": [
      {
        "text": "list of masons",
        "userDefined": false
      }
    ],
    "isTemplate": false,
    "count": 0,
    "lang": "en",
    "updated": 0
  },
  {
    "id": "6e2fc6dc-fa52-4559-9d9d-aa28c6d06939",
    "data": [
      {
        "text": "Mason\u0027s",
        "meta": "@sys.person",
        "alias": "person",
        "userDefined": false
      },
      {
        "text": " List",
        "userDefined": false
      }
    ],
    "isTemplate": false,
    "count": 0,
    "lang": "en",
    "updated": 0
  }
]