[
  {
    "id": "73bb2804-96be-48ec-a99e-2b9b6dd6df13",
    "data": [
      {
        "text": "shop registration",
        "userDefined": false
      }
    ],
    "isTemplate": false,
    "count": 0,
    "lang": "en",
    "updated": 0
  },
  {
    "id": "352a018e-ccac-46e1-b64b-1d44f8709c8b",
    "data": [
      {
        "text": "shop register",
        "userDefined": false
      }
    ],
    "isTemplate": false,
    "count": 0,
    "lang": "en",
    "updated": 0
  },
  {
    "id": "4b6b8b23-0825-4246-95dc-5f28232ec4e9",
    "data": [
      {
        "text": "Fresh Retail Outlet Registration",
        "userDefined": false
      }
    ],
    "isTemplate": false,
    "count": 0,
    "lang": "en",
    "updated": 0
  },
  {
    "id": "27de439e-42ef-4db3-ba66-94a90a0f5983",
    "data": [
      {
        "text": "Recently Established Store Licensing",
        "userDefined": false
      }
    ],
    "isTemplate": false,
    "count": 0,
    "lang": "en",
    "updated": 0
  },
  {
    "id": "8b5148ae-7623-4c1c-8344-f4a26cb778e5",
    "data": [
      {
        "text": "Initial Shop Registration",
        "userDefined": false
      }
    ],
    "isTemplate": false,
    "count": 0,
    "lang": "en",
    "updated": 0
  },
  {
    "id": "4144b5c1-9047-48f6-9f6d-f97d08d13e7d",
    "data": [
      {
        "text": "New Shop Enrollment",
        "userDefined": false
      }
    ],
    "isTemplate": false,
    "count": 0,
    "lang": "en",
    "updated": 0
  },
  {
    "id": "39d824be-cd8a-4e20-8335-9436bade4ef9",
    "data": [
      {
        "text": "Fresh Store Registration",
        "userDefined": false
      }
    ],
    "isTemplate": false,
    "count": 0,
    "lang": "en",
    "updated": 0
  },
  {
    "id": "372ea0bc-18d6-4411-9a5d-b5401350030d",
    "data": [
      {
        "text": "new shop registration",
        "userDefined": false
      }
    ],
    "isTemplate": false,
    "count": 0,
    "lang": "en",
    "updated": 0
  }
]