[
  {
    "id": "b2e9ec06-8bf9-42d2-8005-b0e68b550684",
    "data": [
      {
        "text": "painter list",
        "userDefined": false
      }
    ],
    "isTemplate": false,
    "count": 0,
    "lang": "en",
    "updated": 0
  },
  {
    "id": "ab55ade7-3486-4159-90cd-a1ec1f7a5a0f",
    "data": [
      {
        "text": "list of painters",
        "userDefined": false
      }
    ],
    "isTemplate": false,
    "count": 0,
    "lang": "en",
    "updated": 0
  },
  {
    "id": "86e529c2-3f9a-4502-b59f-7d94125dd5a1",
    "data": [
      {
        "text": "Painter\u0027s List",
        "userDefined": false
      }
    ],
    "isTemplate": false,
    "count": 0,
    "lang": "en",
    "updated": 0
  }
]