[
  {
    "id": "9b1136c5-87e0-435b-9bae-c4ad706534e3",
    "data": [
      {
        "text": "advocate form",
        "userDefined": false
      }
    ],
    "isTemplate": false,
    "count": 0,
    "lang": "en",
    "updated": 0
  },
  {
    "id": "3c2b5a7d-c559-462a-a0a7-a4ad6fc309c3",
    "data": [
      {
        "text": "advocate",
        "userDefined": false
      }
    ],
    "isTemplate": false,
    "count": 0,
    "lang": "en",
    "updated": 0
  },
  {
    "id": "8349d46e-d040-446f-9237-a13602da1bda",
    "data": [
      {
        "text": "panel advocate",
        "userDefined": false
      }
    ],
    "isTemplate": false,
    "count": 0,
    "lang": "en",
    "updated": 0
  },
  {
    "id": "0a663649-07d0-4602-8933-d105c4d17973",
    "data": [
      {
        "text": "panel advocate form",
        "userDefined": false
      }
    ],
    "isTemplate": false,
    "count": 0,
    "lang": "en",
    "updated": 0
  }
]