[
  {
    "id": "92a2c201-d707-4ab7-ba2f-d911bba7c749",
    "data": [
      {
        "text": "history",
        "userDefined": false
      }
    ],
    "isTemplate": false,
    "count": 0,
    "lang": "en",
    "updated": 0
  },
  {
    "id": "0a830639-b32d-4853-8032-667c3c04d681",
    "data": [
      {
        "text": "pay history",
        "userDefined": false
      }
    ],
    "isTemplate": false,
    "count": 0,
    "lang": "en",
    "updated": 0
  },
  {
    "id": "351f7678-cc5b-4b10-ac9d-619160873218",
    "data": [
      {
        "text": "my history for payment",
        "userDefined": false
      }
    ],
    "isTemplate": false,
    "count": 0,
    "lang": "en",
    "updated": 0
  },
  {
    "id": "d35fe780-6c8c-4c16-89a6-44ddba62f94f",
    "data": [
      {
        "text": "history payment",
        "userDefined": false
      }
    ],
    "isTemplate": false,
    "count": 0,
    "lang": "en",
    "updated": 0
  },
  {
    "id": "6e2d3e0c-6bbf-4da6-8dc7-ece1861e8ee9",
    "data": [
      {
        "text": "payment history",
        "userDefined": false
      }
    ],
    "isTemplate": false,
    "count": 0,
    "lang": "en",
    "updated": 0
  }
]