[
  {
    "id": "e067ddb7-dee0-4ab5-b9b3-9a976cea5c52",
    "data": [
      {
        "text": "app",
        "userDefined": false
      }
    ],
    "isTemplate": false,
    "count": 0,
    "lang": "en",
    "updated": 0
  },
  {
    "id": "04206b24-1758-4d6a-9dd7-f8bb1bdab070",
    "data": [
      {
        "text": "do you have a play store app",
        "userDefined": false
      }
    ],
    "isTemplate": false,
    "count": 0,
    "lang": "en",
    "updated": 0
  },
  {
    "id": "d944ecc8-9167-4c25-a92d-08b6853a30c0",
    "data": [
      {
        "text": "play store app",
        "userDefined": false
      }
    ],
    "isTemplate": false,
    "count": 0,
    "lang": "en",
    "updated": 0
  },
  {
    "id": "f33b7628-962f-493e-aa88-d12aaab680f9",
    "data": [
      {
        "text": "play store",
        "userDefined": false
      }
    ],
    "isTemplate": false,
    "count": 0,
    "lang": "en",
    "updated": 0
  }
]