[
  {
    "id": "2a04db01-393f-4c58-89dd-a7d32ecdaf31",
    "data": [
      {
        "text": "plumber list",
        "userDefined": false
      }
    ],
    "isTemplate": false,
    "count": 0,
    "lang": "en",
    "updated": 0
  },
  {
    "id": "3f0fb1d2-08ce-4eaa-a946-9a0c49b32fb2",
    "data": [
      {
        "text": "list of plumber",
        "userDefined": false
      }
    ],
    "isTemplate": false,
    "count": 0,
    "lang": "en",
    "updated": 0
  },
  {
    "id": "b53d9b7f-2d3c-45e3-a3fe-ce2ad6d9eaba",
    "data": [
      {
        "text": "Plumber\u0027s List",
        "userDefined": false
      }
    ],
    "isTemplate": false,
    "count": 0,
    "lang": "en",
    "updated": 0
  }
]