[
  {
    "id": "7b5d4f61-fa2f-4225-8a82-f69f61d53520",
    "data": [
      {
        "text": "pay ec",
        "userDefined": false
      }
    ],
    "isTemplate": false,
    "count": 0,
    "lang": "en",
    "updated": 0
  },
  {
    "id": "6a70b52d-ea32-4ebf-ab1e-a6dffb0642f1",
    "data": [
      {
        "text": "payment ec",
        "userDefined": false
      }
    ],
    "isTemplate": false,
    "count": 0,
    "lang": "en",
    "updated": 0
  },
  {
    "id": "b890f9be-c49f-4206-ae5d-23a774e070c1",
    "data": [
      {
        "text": "ec",
        "meta": "@sys.currency-name",
        "alias": "currency-name",
        "userDefined": false
      }
    ],
    "isTemplate": false,
    "count": 0,
    "lang": "en",
    "updated": 0
  },
  {
    "id": "56f44e0e-6107-495f-9024-010f6c383d1e",
    "data": [
      {
        "text": "EC",
        "meta": "@sys.geo-state",
        "alias": "geo-state",
        "userDefined": false
      },
      {
        "text": "-Based Profession Tax Payment",
        "userDefined": false
      }
    ],
    "isTemplate": false,
    "count": 0,
    "lang": "en",
    "updated": 0
  },
  {
    "id": "109b5d23-fc17-4ec4-8903-f3f490e4483e",
    "data": [
      {
        "text": "EC Professional Tax Dues",
        "userDefined": false
      }
    ],
    "isTemplate": false,
    "count": 0,
    "lang": "en",
    "updated": 0
  },
  {
    "id": "e62c4cfd-fb0f-4e8a-8d2a-2964f74f3945",
    "data": [
      {
        "text": "Employment Levy Settlement (EC)",
        "userDefined": false
      }
    ],
    "isTemplate": false,
    "count": 0,
    "lang": "en",
    "updated": 0
  },
  {
    "id": "935974e1-a454-4a93-83ae-6cf7585df9bc",
    "data": [
      {
        "text": "Occupational Tax Payment (",
        "userDefined": false
      },
      {
        "text": "EC",
        "meta": "@sys.geo-state",
        "alias": "geo-state",
        "userDefined": false
      },
      {
        "text": ")",
        "userDefined": false
      }
    ],
    "isTemplate": false,
    "count": 0,
    "lang": "en",
    "updated": 0
  },
  {
    "id": "16b730a7-b452-47de-807b-eded942a316b",
    "data": [
      {
        "text": "Professional Tax (",
        "userDefined": false
      },
      {
        "text": "EC",
        "meta": "@sys.geo-state",
        "alias": "geo-state",
        "userDefined": false
      },
      {
        "text": ") Payment",
        "userDefined": false
      }
    ],
    "isTemplate": false,
    "count": 0,
    "lang": "en",
    "updated": 0
  },
  {
    "id": "3bc36017-1715-41df-b7ca-f91ce11f9b69",
    "data": [
      {
        "text": "ec payment of profession tax",
        "userDefined": false
      }
    ],
    "isTemplate": false,
    "count": 0,
    "lang": "en",
    "updated": 0
  },
  {
    "id": "3287cf2e-9914-4211-80e0-74d7c747df61",
    "data": [
      {
        "text": "profession pay for tax ec",
        "userDefined": false
      }
    ],
    "isTemplate": false,
    "count": 0,
    "lang": "en",
    "updated": 0
  },
  {
    "id": "006f8fa8-1b48-4887-8fc9-ad3310f48c40",
    "data": [
      {
        "text": "profession tax payment EC",
        "userDefined": false
      }
    ],
    "isTemplate": false,
    "count": 0,
    "lang": "en",
    "updated": 0
  }
]