[
  {
    "id": "643375ad-f768-4ccf-a325-9d7f6f542ebc",
    "data": [
      {
        "text": "I need to access the information regarding my profession tax payment history",
        "userDefined": false
      }
    ],
    "isTemplate": false,
    "count": 0,
    "lang": "en",
    "updated": 0
  },
  {
    "id": "203bd266-87b2-4ed0-b368-cc83650a0212",
    "data": [
      {
        "text": "I wish to check out the history of my profession tax payments",
        "userDefined": false
      }
    ],
    "isTemplate": false,
    "count": 0,
    "lang": "en",
    "updated": 0
  },
  {
    "id": "ca045c92-8682-4d60-8bfb-234cde15b5ff",
    "data": [
      {
        "text": "I\u0027m interested in viewing the details of my profession tax payment history",
        "userDefined": false
      }
    ],
    "isTemplate": false,
    "count": 0,
    "lang": "en",
    "updated": 0
  },
  {
    "id": "63014291-30e1-452f-accf-4eef7f0a9b63",
    "data": [
      {
        "text": "I want to review the record of my profession tax payment history",
        "userDefined": false
      }
    ],
    "isTemplate": false,
    "count": 0,
    "lang": "en",
    "updated": 0
  },
  {
    "id": "72946d5f-b22f-4988-9c15-f25c52cc4586",
    "data": [
      {
        "text": "I\u0027d like to examine the history of my profession tax payments",
        "userDefined": false
      }
    ],
    "isTemplate": false,
    "count": 0,
    "lang": "en",
    "updated": 0
  },
  {
    "id": "00e3c6b8-1370-4278-95c7-9c657bb45651",
    "data": [
      {
        "text": "I want to view the profession tax history",
        "userDefined": false
      }
    ],
    "isTemplate": false,
    "count": 0,
    "lang": "en",
    "updated": 0
  },
  {
    "id": "d3cbb9fa-a985-4c2a-98e7-7629bf35380b",
    "data": [
      {
        "text": "I\u0027m ready to submit my profession tax EC payment",
        "userDefined": false
      }
    ],
    "isTemplate": false,
    "count": 0,
    "lang": "en",
    "updated": 0
  },
  {
    "id": "42eff076-8f12-45f8-816e-21a0f3a2dd2d",
    "data": [
      {
        "text": "I intend to make a payment for my profession tax EC",
        "userDefined": false
      }
    ],
    "isTemplate": false,
    "count": 0,
    "lang": "en",
    "updated": 0
  },
  {
    "id": "bff28c7b-38a0-46c2-a301-178c7bf2b4c0",
    "data": [
      {
        "text": "I want to clear my obligations for profession tax EC",
        "userDefined": false
      }
    ],
    "isTemplate": false,
    "count": 0,
    "lang": "en",
    "updated": 0
  },
  {
    "id": "1362805a-d48b-4d22-a439-46044a992e1a",
    "data": [
      {
        "text": "I\u0027m looking to settle my profession tax EC dues",
        "userDefined": false
      }
    ],
    "isTemplate": false,
    "count": 0,
    "lang": "en",
    "updated": 0
  },
  {
    "id": "a73d9534-7fec-4fe5-a49f-5ed151cbed13",
    "data": [
      {
        "text": "I need to remit payment for my profession tax EC",
        "userDefined": false
      }
    ],
    "isTemplate": false,
    "count": 0,
    "lang": "en",
    "updated": 0
  },
  {
    "id": "8781e2a4-7359-46ef-bdcd-24e8d34d1262",
    "data": [
      {
        "text": "I intend to make a payment for my profession tax (EC)",
        "userDefined": false
      }
    ],
    "isTemplate": false,
    "count": 0,
    "lang": "en",
    "updated": 0
  },
  {
    "id": "fa9da862-e4a9-4aee-ab50-cdf6d956bbc9",
    "data": [
      {
        "text": "I want to clear my obligations for profession tax (EC)",
        "userDefined": false
      }
    ],
    "isTemplate": false,
    "count": 0,
    "lang": "en",
    "updated": 0
  },
  {
    "id": "60175f75-17d5-44e1-80e5-5b32897ba2c2",
    "data": [
      {
        "text": "I\u0027m looking to settle my profession tax (EC) dues",
        "userDefined": false
      }
    ],
    "isTemplate": false,
    "count": 0,
    "lang": "en",
    "updated": 0
  },
  {
    "id": "7707694f-e32b-4ce2-b5fb-d0a80b050a4c",
    "data": [
      {
        "text": "I need to remit payment for my profession tax (EC)",
        "userDefined": false
      }
    ],
    "isTemplate": false,
    "count": 0,
    "lang": "en",
    "updated": 0
  },
  {
    "id": "65934c50-e37a-403e-8fbc-d4ac7e57ad84",
    "data": [
      {
        "text": "pay profession tac EC",
        "userDefined": false
      }
    ],
    "isTemplate": false,
    "count": 0,
    "lang": "en",
    "updated": 0
  },
  {
    "id": "f1a3eb7f-200e-4b59-b331-567b4f50de8c",
    "data": [
      {
        "text": "pay profession tax (EC)",
        "userDefined": false
      }
    ],
    "isTemplate": false,
    "count": 0,
    "lang": "en",
    "updated": 0
  },
  {
    "id": "572ce14d-a202-43b1-bd0e-cb0c4c863de3",
    "data": [
      {
        "text": "I wish to view the specifics of my profession tax statement",
        "userDefined": false
      }
    ],
    "isTemplate": false,
    "count": 0,
    "lang": "en",
    "updated": 0
  },
  {
    "id": "7a551621-81a1-4e46-aedd-b6bdc338a2f4",
    "data": [
      {
        "text": "I\u0027m interested in reviewing my profession tax bill information",
        "userDefined": false
      }
    ],
    "isTemplate": false,
    "count": 0,
    "lang": "en",
    "updated": 0
  },
  {
    "id": "7eb6d1c5-b59d-4e19-be23-495b95f2a0ed",
    "data": [
      {
        "text": "I\u0027d like to go through the details of my profession tax invoice",
        "userDefined": false
      }
    ],
    "isTemplate": false,
    "count": 0,
    "lang": "en",
    "updated": 0
  },
  {
    "id": "98de821a-dc0f-4b8d-b485-f2814f4764e9",
    "data": [
      {
        "text": "I want to inspect my profession tax bill closely",
        "userDefined": false
      }
    ],
    "isTemplate": false,
    "count": 0,
    "lang": "en",
    "updated": 0
  },
  {
    "id": "c993bbf2-9fe4-42b9-9603-602bc2c91260",
    "data": [
      {
        "text": "I\u0027m looking to access my profession tax statement",
        "userDefined": false
      }
    ],
    "isTemplate": false,
    "count": 0,
    "lang": "en",
    "updated": 0
  },
  {
    "id": "2451d105-89a4-4524-ace5-bd08da34d3ab",
    "data": [
      {
        "text": "I need to check out my profession tax ",
        "userDefined": false
      },
      {
        "text": "bill",
        "userDefined": false
      }
    ],
    "isTemplate": false,
    "count": 0,
    "lang": "en",
    "updated": 0
  },
  {
    "id": "efad6c48-c56b-435f-a408-de6787b93196",
    "data": [
      {
        "text": "I wish to review the information on my profession tax invoice",
        "userDefined": false
      }
    ],
    "isTemplate": false,
    "count": 0,
    "lang": "en",
    "updated": 0
  },
  {
    "id": "a9a26c0c-945f-496c-a06c-06ca5eb292dd",
    "data": [
      {
        "text": "I\u0027m interested in viewing my profession tax details",
        "userDefined": false
      }
    ],
    "isTemplate": false,
    "count": 0,
    "lang": "en",
    "updated": 0
  },
  {
    "id": "da38cb34-db6c-48ba-88f1-3a9ee9b6e723",
    "data": [
      {
        "text": "I want to take a look at my profession tax statement",
        "userDefined": false
      }
    ],
    "isTemplate": false,
    "count": 0,
    "lang": "en",
    "updated": 0
  },
  {
    "id": "3dfb354c-fae5-43fa-a827-c79069b3995e",
    "data": [
      {
        "text": "I want to view my profession tax",
        "userDefined": false
      }
    ],
    "isTemplate": false,
    "count": 0,
    "lang": "en",
    "updated": 0
  },
  {
    "id": "35c2c1c8-238e-40b0-96f7-648fd08b85dc",
    "data": [
      {
        "text": "Career Tax",
        "userDefined": false
      }
    ],
    "isTemplate": false,
    "count": 0,
    "lang": "en",
    "updated": 0
  },
  {
    "id": "f90a4712-7139-466a-ba9d-65d9d18edf37",
    "data": [
      {
        "text": "Vocational Tax",
        "userDefined": false
      }
    ],
    "isTemplate": false,
    "count": 0,
    "lang": "en",
    "updated": 0
  },
  {
    "id": "ae0d158b-415a-406d-ac18-a72d90b768e3",
    "data": [
      {
        "text": "Trade Tax",
        "userDefined": false
      }
    ],
    "isTemplate": false,
    "count": 0,
    "lang": "en",
    "updated": 0
  },
  {
    "id": "2cd063bc-b18f-43da-986d-96a2c98f6d50",
    "data": [
      {
        "text": "Employment Tax",
        "userDefined": false
      }
    ],
    "isTemplate": false,
    "count": 0,
    "lang": "en",
    "updated": 0
  },
  {
    "id": "a8f91a8f-f6b3-4f99-8881-3b7ea2af31a1",
    "data": [
      {
        "text": "Occupational Tax",
        "userDefined": false
      }
    ],
    "isTemplate": false,
    "count": 0,
    "lang": "en",
    "updated": 0
  },
  {
    "id": "4eea049c-4f3a-4142-9fa7-ea68917db093",
    "data": [
      {
        "text": "profession tax",
        "userDefined": false
      }
    ],
    "isTemplate": false,
    "count": 0,
    "lang": "en",
    "updated": 0
  }
]