[
  {
    "id": "4c816604-f888-4060-bc6a-2b00199def16",
    "data": [
      {
        "text": "payment history",
        "userDefined": false
      }
    ],
    "isTemplate": false,
    "count": 0,
    "lang": "en",
    "updated": 0
  },
  {
    "id": "515b0ec8-bf22-4f55-9bd7-e7121111fde8",
    "data": [
      {
        "text": "history",
        "userDefined": false
      }
    ],
    "isTemplate": false,
    "count": 0,
    "lang": "en",
    "updated": 0
  },
  {
    "id": "815ffa71-6496-437c-bf5e-ff380eb1f50d",
    "data": [
      {
        "text": "pay history profession tax",
        "userDefined": false
      }
    ],
    "isTemplate": false,
    "count": 0,
    "lang": "en",
    "updated": 0
  },
  {
    "id": "9bf54905-41e0-4e9c-b3f8-bd58da439ae4",
    "data": [
      {
        "text": "profession tax history",
        "userDefined": false
      }
    ],
    "isTemplate": false,
    "count": 0,
    "lang": "en",
    "updated": 0
  },
  {
    "id": "81945286-a3ef-4fd3-8211-0b0bf1313030",
    "data": [
      {
        "text": "history of profession tax",
        "userDefined": false
      }
    ],
    "isTemplate": false,
    "count": 0,
    "lang": "en",
    "updated": 0
  },
  {
    "id": "5e39c03b-e206-4ca2-a968-ed42349fa106",
    "data": [
      {
        "text": "history for my profession tax",
        "userDefined": false
      }
    ],
    "isTemplate": false,
    "count": 0,
    "lang": "en",
    "updated": 0
  },
  {
    "id": "7c073603-0a85-4070-b603-d472a23b57ba",
    "data": [
      {
        "text": "profession tax payment history",
        "userDefined": false
      }
    ],
    "isTemplate": false,
    "count": 0,
    "lang": "en",
    "updated": 0
  }
]