[
  {
    "id": "32b8ce41-414c-4d22-8452-e3a859a6587c",
    "data": [
      {
        "text": "payment rc",
        "userDefined": false
      }
    ],
    "isTemplate": false,
    "count": 0,
    "lang": "en",
    "updated": 0
  },
  {
    "id": "d62f57f4-257c-4c25-8e9a-9efe5554a3f3",
    "data": [
      {
        "text": "pay rc",
        "userDefined": false
      }
    ],
    "isTemplate": false,
    "count": 0,
    "lang": "en",
    "updated": 0
  },
  {
    "id": "aba24436-874b-4c5b-928a-3ceb5830085a",
    "data": [
      {
        "text": "rc",
        "userDefined": false
      }
    ],
    "isTemplate": false,
    "count": 0,
    "lang": "en",
    "updated": 0
  },
  {
    "id": "e92eaae0-f61e-4493-ae48-20a4b7ff3e97",
    "data": [
      {
        "text": "RC-Based Profession Tax Payment",
        "userDefined": false
      }
    ],
    "isTemplate": false,
    "count": 0,
    "lang": "en",
    "updated": 0
  },
  {
    "id": "e261964c-3a5d-432b-ae36-369d2f6ec1c7",
    "data": [
      {
        "text": "RC Professional Tax Dues",
        "userDefined": false
      }
    ],
    "isTemplate": false,
    "count": 0,
    "lang": "en",
    "updated": 0
  },
  {
    "id": "b6cb3732-855d-4222-8c0e-8d6aa6441e74",
    "data": [
      {
        "text": "Employment Levy Settlement (RC)",
        "userDefined": false
      }
    ],
    "isTemplate": false,
    "count": 0,
    "lang": "en",
    "updated": 0
  },
  {
    "id": "a5f6ff79-78f4-4ae9-a11a-e04a22188c3e",
    "data": [
      {
        "text": "Occupational Tax Payment (RC)",
        "userDefined": false
      }
    ],
    "isTemplate": false,
    "count": 0,
    "lang": "en",
    "updated": 0
  },
  {
    "id": "e07b21f0-4cd5-4154-b3b3-a9610fe33397",
    "data": [
      {
        "text": "Professional Tax (",
        "userDefined": false
      },
      {
        "text": "EC",
        "meta": "@sys.geo-state",
        "alias": "geo-state",
        "userDefined": false
      },
      {
        "text": ") Payment",
        "userDefined": false
      }
    ],
    "isTemplate": false,
    "count": 0,
    "lang": "en",
    "updated": 0
  },
  {
    "id": "46de634c-ef9d-46c5-b018-747cb7250e14",
    "data": [
      {
        "text": "profession rc tax pay",
        "userDefined": false
      }
    ],
    "isTemplate": false,
    "count": 0,
    "lang": "en",
    "updated": 0
  },
  {
    "id": "a603dd06-8ffa-484d-bd7a-30e34d7d4124",
    "data": [
      {
        "text": "profession tax payment rc",
        "userDefined": false
      }
    ],
    "isTemplate": false,
    "count": 0,
    "lang": "en",
    "updated": 0
  }
]