[
  {
    "id": "7d885ac0-d47a-423e-b32c-d002971a2792",
    "data": [
      {
        "text": "what are the promotion projects",
        "userDefined": false
      }
    ],
    "isTemplate": false,
    "count": 0,
    "lang": "en",
    "updated": 0
  },
  {
    "id": "a3642dea-f239-4ef4-a75a-b13a8645c648",
    "data": [
      {
        "text": "update existing cycle form",
        "userDefined": false
      }
    ],
    "isTemplate": false,
    "count": 0,
    "lang": "en",
    "updated": 0
  },
  {
    "id": "2fdfc3ab-18f0-4f4a-af69-22410c093d2e",
    "data": [
      {
        "text": "get duplicate forms",
        "userDefined": false
      }
    ],
    "isTemplate": false,
    "count": 0,
    "lang": "en",
    "updated": 0
  },
  {
    "id": "03c31d46-e487-4134-a9d6-567d82ed20de",
    "data": [
      {
        "text": "give promotion projects",
        "userDefined": false
      }
    ],
    "isTemplate": false,
    "count": 0,
    "lang": "en",
    "updated": 0
  },
  {
    "id": "b1d84bbb-9271-415b-9567-30c7e04d8527",
    "data": [
      {
        "text": "get e bike promotion project",
        "userDefined": false
      }
    ],
    "isTemplate": false,
    "count": 0,
    "lang": "en",
    "updated": 0
  },
  {
    "id": "b36184d8-6479-4263-b16e-eda238c8b151",
    "data": [
      {
        "text": "get cycle promotion projects",
        "userDefined": false
      }
    ],
    "isTemplate": false,
    "count": 0,
    "lang": "en",
    "updated": 0
  },
  {
    "id": "c1c21b2e-16d0-4aa4-a4ad-f4910d0e1e9a",
    "data": [
      {
        "text": "Initiatives for Project Promotion",
        "userDefined": false
      }
    ],
    "isTemplate": false,
    "count": 0,
    "lang": "en",
    "updated": 0
  },
  {
    "id": "14174f27-205d-449d-8b49-e91201fae5f0",
    "data": [
      {
        "text": "Promotional Project Endeavors",
        "userDefined": false
      }
    ],
    "isTemplate": false,
    "count": 0,
    "lang": "en",
    "updated": 0
  },
  {
    "id": "17a6bc08-66d8-4654-82e1-6822d38462fe",
    "data": [
      {
        "text": "Campaign for Promoting Projects",
        "userDefined": false
      }
    ],
    "isTemplate": false,
    "count": 0,
    "lang": "en",
    "updated": 0
  },
  {
    "id": "ea8a59e5-6b26-4684-9630-049e9f7d1644",
    "data": [
      {
        "text": "Marketing Promotion Initiative",
        "userDefined": false
      }
    ],
    "isTemplate": false,
    "count": 0,
    "lang": "en",
    "updated": 0
  },
  {
    "id": "3065712e-3ccf-4918-afb8-895de6c7bbd4",
    "data": [
      {
        "text": "Project on Promotional Activities",
        "userDefined": false
      }
    ],
    "isTemplate": false,
    "count": 0,
    "lang": "en",
    "updated": 0
  },
  {
    "id": "780a1f3d-3009-4b10-8381-1a8631ee7cd2",
    "data": [
      {
        "text": "promotion projects",
        "userDefined": false
      }
    ],
    "isTemplate": false,
    "count": 0,
    "lang": "en",
    "updated": 0
  },
  {
    "id": "c48cc3c1-e52b-4372-bb73-edb267c2d8f2",
    "data": [
      {
        "text": "promotion project",
        "userDefined": false
      }
    ],
    "isTemplate": false,
    "count": 0,
    "lang": "en",
    "updated": 0
  },
  {
    "id": "e10bdf72-3499-4a99-bf62-4bdc7419a54e",
    "data": [
      {
        "text": "promotion project\u0027s",
        "userDefined": false
      }
    ],
    "isTemplate": false,
    "count": 0,
    "lang": "en",
    "updated": 0
  }
]