[
  {
    "id": "09de4436-7230-4d3a-b98b-b7449a88bdbb",
    "data": [
      {
        "text": "payment",
        "userDefined": false
      }
    ],
    "isTemplate": false,
    "count": 0,
    "lang": "en",
    "updated": 0
  },
  {
    "id": "442878aa-08bc-4413-af8a-d956c7bc9154",
    "data": [
      {
        "text": "I want to pay my property tax",
        "userDefined": false
      }
    ],
    "isTemplate": false,
    "count": 0,
    "lang": "en",
    "updated": 0
  },
  {
    "id": "2ed58339-f051-432c-b457-649e53ffc118",
    "data": [
      {
        "text": "property tax pay",
        "userDefined": false
      }
    ],
    "isTemplate": false,
    "count": 0,
    "lang": "en",
    "updated": 0
  },
  {
    "id": "e266cf18-6de2-4efe-8084-1cc90f71f682",
    "data": [
      {
        "text": "pay tax property",
        "userDefined": false
      }
    ],
    "isTemplate": false,
    "count": 0,
    "lang": "en",
    "updated": 0
  },
  {
    "id": "27525da3-7a16-46f8-9b3e-0f1a57571fb7",
    "data": [
      {
        "text": "pay property tax",
        "userDefined": false
      }
    ],
    "isTemplate": false,
    "count": 0,
    "lang": "en",
    "updated": 0
  },
  {
    "id": "b9a36db2-5c4c-4c4e-b2bc-c2ccf4cdf324",
    "data": [
      {
        "text": "Career Tax payment",
        "userDefined": false
      }
    ],
    "isTemplate": false,
    "count": 0,
    "lang": "en",
    "updated": 0
  },
  {
    "id": "7604cde0-c953-4ca0-8dd6-c3d330dfaed6",
    "data": [
      {
        "text": "Trade Tax payment",
        "userDefined": false
      }
    ],
    "isTemplate": false,
    "count": 0,
    "lang": "en",
    "updated": 0
  },
  {
    "id": "b79fe85a-8e50-4bd7-863c-8f8b13d600e5",
    "data": [
      {
        "text": "Employment Tax payment",
        "userDefined": false
      }
    ],
    "isTemplate": false,
    "count": 0,
    "lang": "en",
    "updated": 0
  },
  {
    "id": "b43a15a8-0869-40f9-88b9-e1784cee4c77",
    "data": [
      {
        "text": "Occupational Tax payment",
        "userDefined": false
      }
    ],
    "isTemplate": false,
    "count": 0,
    "lang": "en",
    "updated": 0
  },
  {
    "id": "94dc1c37-94df-4134-a2ab-1d2c810b8866",
    "data": [
      {
        "text": "tax payment",
        "userDefined": false
      }
    ],
    "isTemplate": false,
    "count": 0,
    "lang": "en",
    "updated": 0
  },
  {
    "id": "6c6efb2d-1571-4354-a01b-cf66cf27d69a",
    "data": [
      {
        "text": "property tax payment",
        "userDefined": false
      }
    ],
    "isTemplate": false,
    "count": 0,
    "lang": "en",
    "updated": 0
  }
]