[
  {
    "id": "91a2e309-f0d6-4e6f-9fd6-728598c8ccc2",
    "data": [
      {
        "text": "tax repceipt",
        "userDefined": false
      }
    ],
    "isTemplate": false,
    "count": 0,
    "lang": "en",
    "updated": 0
  },
  {
    "id": "66c9a406-bfc5-4657-ae6e-cde1da8148ad",
    "data": [
      {
        "text": "tax ",
        "userDefined": false
      },
      {
        "text": "bill",
        "meta": "@sys.person",
        "alias": "person",
        "userDefined": false
      }
    ],
    "isTemplate": false,
    "count": 0,
    "lang": "en",
    "updated": 0
  },
  {
    "id": "167ab224-529d-445f-ae36-53f36d0141d2",
    "data": [
      {
        "text": "bill",
        "meta": "@sys.person",
        "alias": "person",
        "userDefined": false
      },
      {
        "text": "/ receipt",
        "userDefined": false
      }
    ],
    "isTemplate": false,
    "count": 0,
    "lang": "en",
    "updated": 0
  },
  {
    "id": "deaa19e2-87ae-4981-9b84-691bee86309a",
    "data": [
      {
        "text": "receipt",
        "userDefined": false
      }
    ],
    "isTemplate": false,
    "count": 0,
    "lang": "en",
    "updated": 0
  },
  {
    "id": "71a1f89c-e419-4370-82ac-63f386dd0bd6",
    "data": [
      {
        "text": "bill",
        "userDefined": false
      }
    ],
    "isTemplate": false,
    "count": 0,
    "lang": "en",
    "updated": 0
  },
  {
    "id": "5dccb1fa-186b-474b-a5ff-48e780f8b6da",
    "data": [
      {
        "text": "receipt for property tax",
        "userDefined": false
      }
    ],
    "isTemplate": false,
    "count": 0,
    "lang": "en",
    "updated": 0
  },
  {
    "id": "84744e86-81be-4e89-aaec-05b7b9fdf2bf",
    "data": [
      {
        "text": "bill for property tax",
        "userDefined": false
      }
    ],
    "isTemplate": false,
    "count": 0,
    "lang": "en",
    "updated": 0
  },
  {
    "id": "41d46ed3-ee4d-4ce5-9cdb-0a3d66bdff95",
    "data": [
      {
        "text": "property tax bill/receipt",
        "userDefined": false
      }
    ],
    "isTemplate": false,
    "count": 0,
    "lang": "en",
    "updated": 0
  },
  {
    "id": "e5e9233e-63af-4907-9557-e1002d34ebe3",
    "data": [
      {
        "text": "property tax receipt",
        "userDefined": false
      }
    ],
    "isTemplate": false,
    "count": 0,
    "lang": "en",
    "updated": 0
  },
  {
    "id": "8e152904-1ad5-4c8f-a27a-77ef9bf1c1e9",
    "data": [
      {
        "text": "property tax bill",
        "userDefined": false
      }
    ],
    "isTemplate": false,
    "count": 0,
    "lang": "en",
    "updated": 0
  }
]