[
  {
    "id": "52925ff5-a363-441d-9657-29205e6cca87",
    "data": [
      {
        "text": "Objection App",
        "userDefined": false
      }
    ],
    "isTemplate": false,
    "count": 0,
    "lang": "en",
    "updated": 0
  },
  {
    "id": "b650f672-28ed-4e8d-bf6d-258805907829",
    "data": [
      {
        "text": "Assessment Copy",
        "userDefined": false
      }
    ],
    "isTemplate": false,
    "count": 0,
    "lang": "en",
    "updated": 0
  },
  {
    "id": "02dfeb7b-938c-4688-9b7e-feab65c617c9",
    "data": [
      {
        "text": "Tax Assessment Copy",
        "userDefined": false
      }
    ],
    "isTemplate": false,
    "count": 0,
    "lang": "en",
    "updated": 0
  },
  {
    "id": "b1598b16-78d0-4c42-852d-f59e0debc4ce",
    "data": [
      {
        "text": "Tax Assessment",
        "userDefined": false
      }
    ],
    "isTemplate": false,
    "count": 0,
    "lang": "en",
    "updated": 0
  },
  {
    "id": "c555e1fc-6468-4212-8984-08533c987856",
    "data": [
      {
        "text": "property tax assessment copy / objection app",
        "userDefined": false
      }
    ],
    "isTemplate": false,
    "count": 0,
    "lang": "en",
    "updated": 0
  }
]