[
  {
    "id": "105f625f-d31a-4782-96d5-59b24b20c476",
    "data": [
      {
        "text": "handicap property register",
        "userDefined": false
      }
    ],
    "isTemplate": false,
    "count": 0,
    "lang": "en",
    "updated": 0
  },
  {
    "id": "11473fd9-c0c8-41f6-9df0-72df9b116dba",
    "data": [
      {
        "text": "property registration for handicapped",
        "userDefined": true
      }
    ],
    "isTemplate": false,
    "count": 0,
    "lang": "en",
    "updated": 0
  },
  {
    "id": "4f1c0bcb-57c6-4750-bb65-ccdbed7539e5",
    "data": [
      {
        "text": "I wish to review the details on my tax receipt",
        "userDefined": false
      }
    ],
    "isTemplate": false,
    "count": 0,
    "lang": "en",
    "updated": 0
  },
  {
    "id": "4a1dba49-a0de-4a48-a82f-3484f75fcb08",
    "data": [
      {
        "text": "I\u0027m interested in viewing my tax payment confirmation",
        "userDefined": false
      }
    ],
    "isTemplate": false,
    "count": 0,
    "lang": "en",
    "updated": 0
  },
  {
    "id": "8019a9cb-6735-4fe4-8fc2-6132920fe18e",
    "data": [
      {
        "text": "I want to take a look at the receipt for my taxes",
        "userDefined": false
      }
    ],
    "isTemplate": false,
    "count": 0,
    "lang": "en",
    "updated": 0
  },
  {
    "id": "538b8fae-ce86-4bba-96f3-d5b6367e96f8",
    "data": [
      {
        "text": "I\u0027d like to examine my tax payment receipt",
        "userDefined": false
      }
    ],
    "isTemplate": false,
    "count": 0,
    "lang": "en",
    "updated": 0
  },
  {
    "id": "e626c468-63d7-4c89-b918-65d340851410",
    "data": [
      {
        "text": "I want to view my tax receipt",
        "userDefined": false
      }
    ],
    "isTemplate": false,
    "count": 0,
    "lang": "en",
    "updated": 0
  },
  {
    "id": "0b2cf5d0-b7ae-45d2-9c8e-239247b95c54",
    "data": [
      {
        "text": "I wish to review the information on my tax invoice",
        "userDefined": false
      }
    ],
    "isTemplate": false,
    "count": 0,
    "lang": "en",
    "updated": 0
  },
  {
    "id": "53f63c64-e651-410b-9225-7b295894a1aa",
    "data": [
      {
        "text": "I\u0027m interested in viewing my tax bill details",
        "userDefined": false
      }
    ],
    "isTemplate": false,
    "count": 0,
    "lang": "en",
    "updated": 0
  },
  {
    "id": "e5ac8675-27ed-48cc-b482-7ac7d6df3bdf",
    "data": [
      {
        "text": "I want to take a look at my tax statement",
        "userDefined": false
      }
    ],
    "isTemplate": false,
    "count": 0,
    "lang": "en",
    "updated": 0
  },
  {
    "id": "38a0db65-4028-4fe5-8e02-5ce6bdd42f43",
    "data": [
      {
        "text": "I\u0027d like to examine my tax invoice",
        "userDefined": false
      }
    ],
    "isTemplate": false,
    "count": 0,
    "lang": "en",
    "updated": 0
  },
  {
    "id": "a7cc03be-a371-40d8-bfa3-a1b0c93b71b1",
    "data": [
      {
        "text": "I want to view my tax bill",
        "userDefined": false
      }
    ],
    "isTemplate": false,
    "count": 0,
    "lang": "en",
    "updated": 0
  },
  {
    "id": "5b8aa219-bf8d-47ca-aaec-1dd2b66c7a55",
    "data": [
      {
        "text": "I\u0027m hoping to access information regarding my property tax assessment",
        "userDefined": false
      }
    ],
    "isTemplate": false,
    "count": 1,
    "lang": "en",
    "updated": 0
  },
  {
    "id": "13566947-a966-47c8-860d-50034611dbb7",
    "data": [
      {
        "text": "I\u0027d like to review the documentation related to my property tax",
        "userDefined": false
      }
    ],
    "isTemplate": false,
    "count": 1,
    "lang": "en",
    "updated": 0
  },
  {
    "id": "929da0a4-5e64-421b-bda5-224fb6759bb2",
    "data": [
      {
        "text": "I\u0027m seeking to inspect the details of my property tax bill",
        "userDefined": false
      }
    ],
    "isTemplate": false,
    "count": 1,
    "lang": "en",
    "updated": 0
  },
  {
    "id": "eca88719-1339-4561-90b2-6b8fa797cdfc",
    "data": [
      {
        "text": "I want to take a look at my property tax records",
        "userDefined": false
      }
    ],
    "isTemplate": false,
    "count": 1,
    "lang": "en",
    "updated": 0
  },
  {
    "id": "3a635b2f-bb21-4011-a34e-efc4bd4aa730",
    "data": [
      {
        "text": "I\u0027m interested in viewing the assessment for my property taxes",
        "userDefined": false
      }
    ],
    "isTemplate": false,
    "count": 1,
    "lang": "en",
    "updated": 0
  },
  {
    "id": "d92a01be-125c-4e42-bfc9-312efb1f2396",
    "data": [
      {
        "text": "I need to see the details of my property tax statement",
        "userDefined": false
      }
    ],
    "isTemplate": false,
    "count": 1,
    "lang": "en",
    "updated": 0
  },
  {
    "id": "31b92ac5-296c-4f7a-b268-8e839c84c5b8",
    "data": [
      {
        "text": "I\u0027m looking to access information about my real estate taxes",
        "userDefined": false
      }
    ],
    "isTemplate": false,
    "count": 1,
    "lang": "en",
    "updated": 0
  },
  {
    "id": "6f9792e6-fa8b-4582-8d1a-e804aba3f42e",
    "data": [
      {
        "text": "I wish to examine the details of my property tax assessment",
        "userDefined": false
      }
    ],
    "isTemplate": false,
    "count": 1,
    "lang": "en",
    "updated": 0
  },
  {
    "id": "89b9071b-7ba9-45bb-a166-bdedf655bdb2",
    "data": [
      {
        "text": "I\u0027m interested in reviewing my property tax details",
        "userDefined": false
      }
    ],
    "isTemplate": false,
    "count": 1,
    "lang": "en",
    "updated": 0
  },
  {
    "id": "0c4f99a1-517a-4af5-9527-644a3ffb0181",
    "data": [
      {
        "text": "I\u0027d like to check out my real estate tax information",
        "userDefined": false
      }
    ],
    "isTemplate": false,
    "count": 0,
    "lang": "en",
    "updated": 0
  },
  {
    "id": "fd3365fd-e48c-49c2-814a-931dc71cfde8",
    "data": [
      {
        "text": "I want to pay my property tax",
        "userDefined": false
      }
    ],
    "isTemplate": false,
    "count": 1,
    "lang": "en",
    "updated": 0
  },
  {
    "id": "a1b1fe82-10fb-4176-961c-ac929ab6f829",
    "data": [
      {
        "text": "I want to view my property tax",
        "userDefined": false
      }
    ],
    "isTemplate": false,
    "count": 0,
    "lang": "en",
    "updated": 0
  },
  {
    "id": "9dee70e9-3a47-44eb-9b35-ba96a85a757f",
    "data": [
      {
        "text": "Land Duties",
        "userDefined": false
      }
    ],
    "isTemplate": false,
    "count": 0,
    "lang": "en",
    "updated": 0
  },
  {
    "id": "429e19a5-c945-4e87-830c-9cb2926dc004",
    "data": [
      {
        "text": "Realty Tax",
        "userDefined": false
      }
    ],
    "isTemplate": false,
    "count": 0,
    "lang": "en",
    "updated": 0
  },
  {
    "id": "e4513418-7161-466b-9dd3-ee86de25103b",
    "data": [
      {
        "text": "Property Levy",
        "userDefined": false
      }
    ],
    "isTemplate": false,
    "count": 0,
    "lang": "en",
    "updated": 0
  },
  {
    "id": "12d6d0de-fdaf-402a-847a-8a10ab685309",
    "data": [
      {
        "text": "Land Assessment",
        "userDefined": false
      }
    ],
    "isTemplate": false,
    "count": 0,
    "lang": "en",
    "updated": 0
  },
  {
    "id": "c6bce8f9-fdd9-4596-a9f4-4da8f66073d1",
    "data": [
      {
        "text": "Site Tax",
        "userDefined": false
      }
    ],
    "isTemplate": false,
    "count": 0,
    "lang": "en",
    "updated": 0
  },
  {
    "id": "772580e3-2169-4265-ac20-82e492c7e9b2",
    "data": [
      {
        "text": "Assessment Tax",
        "userDefined": false
      }
    ],
    "isTemplate": false,
    "count": 0,
    "lang": "en",
    "updated": 0
  },
  {
    "id": "b9c71406-faa7-491c-b6eb-65201b6865bc",
    "data": [
      {
        "text": "Estate Duty",
        "userDefined": false
      }
    ],
    "isTemplate": false,
    "count": 0,
    "lang": "en",
    "updated": 0
  },
  {
    "id": "ae16cc9b-97c4-45e9-b335-9932c417015c",
    "data": [
      {
        "text": "Land Levy",
        "userDefined": false
      }
    ],
    "isTemplate": false,
    "count": 0,
    "lang": "en",
    "updated": 0
  },
  {
    "id": "f32a1e2c-53bc-4f1c-8f0c-e5e4eb7fffc3",
    "data": [
      {
        "text": "Land Tax",
        "userDefined": false
      }
    ],
    "isTemplate": false,
    "count": 0,
    "lang": "en",
    "updated": 0
  },
  {
    "id": "3957eb29-5697-4d21-9fc7-26e06f8a2b63",
    "data": [
      {
        "text": "Real Estate Tax",
        "userDefined": false
      }
    ],
    "isTemplate": false,
    "count": 0,
    "lang": "en",
    "updated": 0
  },
  {
    "id": "1ffeea4b-3e06-4576-9500-608fd795f6ad",
    "data": [
      {
        "text": "property tax",
        "userDefined": false
      }
    ],
    "isTemplate": false,
    "count": 0,
    "lang": "en",
    "updated": 0
  }
]