[
  {
    "id": "f00c4cc7-4261-4450-a529-9d557f37f24b",
    "data": [
      {
        "text": "2112601067",
        "meta": "@sys.number",
        "alias": "property_number",
        "userDefined": false
      }
    ],
    "isTemplate": false,
    "count": 0,
    "lang": "en",
    "updated": 0
  },
  {
    "id": "46bfaff9-5f14-4b4b-8f8b-b724e6c8ecd0",
    "data": [
      {
        "text": "2112601078",
        "meta": "@sys.number",
        "alias": "property_number",
        "userDefined": false
      }
    ],
    "isTemplate": false,
    "count": 0,
    "lang": "en",
    "updated": 0
  },
  {
    "id": "2d1eec45-68e5-46b3-b9f6-00a329d64420",
    "data": [
      {
        "text": "2112601036",
        "meta": "@sys.number",
        "alias": "property_number",
        "userDefined": false
      }
    ],
    "isTemplate": false,
    "count": 0,
    "lang": "en",
    "updated": 0
  },
  {
    "id": "3778b93e-ed22-4eba-81e0-0f23317f7d7c",
    "data": [
      {
        "text": "2112601023",
        "meta": "@sys.number",
        "alias": "property_number",
        "userDefined": false
      }
    ],
    "isTemplate": false,
    "count": 0,
    "lang": "en",
    "updated": 0
  },
  {
    "id": "d057a983-cfee-498a-b244-4243b922483f",
    "data": [
      {
        "text": "no ",
        "userDefined": false
      },
      {
        "text": "2112601072",
        "meta": "@sys.number",
        "alias": "property_number",
        "userDefined": false
      }
    ],
    "isTemplate": false,
    "count": 0,
    "lang": "en",
    "updated": 0
  },
  {
    "id": "4cb458ad-4a1d-498d-a6b0-209e13a592f4",
    "data": [
      {
        "text": "number: ",
        "userDefined": false
      },
      {
        "text": "2112601036",
        "meta": "@sys.number",
        "alias": "property_number",
        "userDefined": false
      }
    ],
    "isTemplate": false,
    "count": 0,
    "lang": "en",
    "updated": 0
  },
  {
    "id": "7ce37be4-58cf-4c3d-a914-c8d153e7caea",
    "data": [
      {
        "text": "property no. \u003d ",
        "userDefined": false
      },
      {
        "text": "2112601011",
        "meta": "@sys.number",
        "alias": "property_number",
        "userDefined": false
      }
    ],
    "isTemplate": false,
    "count": 0,
    "lang": "en",
    "updated": 0
  },
  {
    "id": "1d262792-d684-485c-b8a8-64c26239f811",
    "data": [
      {
        "text": "2112601070",
        "meta": "@sys.number",
        "alias": "property_number",
        "userDefined": false
      }
    ],
    "isTemplate": false,
    "count": 0,
    "lang": "en",
    "updated": 0
  },
  {
    "id": "185462ba-fae9-4787-a4df-9d0f7c117595",
    "data": [
      {
        "text": "property number is ",
        "userDefined": false
      },
      {
        "text": "2112601070",
        "meta": "@sys.number",
        "alias": "property_number",
        "userDefined": false
      }
    ],
    "isTemplate": false,
    "count": 0,
    "lang": "en",
    "updated": 0
  }
]