[
  {
    "id": "6891d845-8a56-477a-ae61-ded5d7358601",
    "data": [
      {
        "text": "view",
        "userDefined": false
      }
    ],
    "isTemplate": false,
    "count": 0,
    "lang": "en",
    "updated": 0
  },
  {
    "id": "66626d8b-1e5b-4dfd-b490-6a37ce2fa54f",
    "data": [
      {
        "text": "check my property tax",
        "userDefined": false
      }
    ],
    "isTemplate": false,
    "count": 0,
    "lang": "en",
    "updated": 0
  },
  {
    "id": "eba719e0-224b-4a18-9571-6015b0974b44",
    "data": [
      {
        "text": "view property tax",
        "userDefined": false
      }
    ],
    "isTemplate": false,
    "count": 0,
    "lang": "en",
    "updated": 0
  },
  {
    "id": "ca1001a3-899a-44d7-842a-31f92557f5df",
    "data": [
      {
        "text": "property tax view",
        "userDefined": false
      }
    ],
    "isTemplate": false,
    "count": 0,
    "lang": "en",
    "updated": 0
  }
]