[
  {
    "id": "e630ad78-d5dd-4c25-b255-a8eb65832d13",
    "data": [
      {
        "text": "bus pass receipt",
        "userDefined": false
      }
    ],
    "isTemplate": false,
    "count": 0,
    "lang": "en",
    "updated": 0
  },
  {
    "id": "36d9ac98-b3c4-412e-8649-8c38eca1888c",
    "data": [
      {
        "text": "give me the receipt of bus pass",
        "userDefined": false
      }
    ],
    "isTemplate": false,
    "count": 0,
    "lang": "en",
    "updated": 0
  },
  {
    "id": "a29a2679-f091-4323-ad28-11b3ac6d36d2",
    "data": [
      {
        "text": "register for bus path",
        "userDefined": false
      }
    ],
    "isTemplate": false,
    "count": 0,
    "lang": "en",
    "updated": 0
  },
  {
    "id": "10d013d0-9994-4c32-b31e-a9ef7035918a",
    "data": [
      {
        "text": "Rajkot",
        "meta": "@sys.geo-city",
        "alias": "geo-city",
        "userDefined": false
      },
      {
        "text": " Transportation Authority",
        "userDefined": false
      }
    ],
    "isTemplate": false,
    "count": 0,
    "lang": "en",
    "updated": 0
  },
  {
    "id": "a0611148-1e62-474f-a9b9-a75a841491ee",
    "data": [
      {
        "text": "Rajkot",
        "meta": "@sys.geo-city",
        "alias": "geo-city",
        "userDefined": false
      },
      {
        "text": " Pathways Limited",
        "userDefined": false
      }
    ],
    "isTemplate": false,
    "count": 0,
    "lang": "en",
    "updated": 0
  },
  {
    "id": "65949b57-3a8f-4d83-8dba-52667450c873",
    "data": [
      {
        "text": "Rajkot",
        "meta": "@sys.geo-city",
        "alias": "geo-city",
        "userDefined": false
      },
      {
        "text": " Roadways Corporation",
        "userDefined": false
      }
    ],
    "isTemplate": false,
    "count": 0,
    "lang": "en",
    "updated": 0
  },
  {
    "id": "98c68748-1efa-4101-956a-5241fcb8dfb9",
    "data": [
      {
        "text": "Rajkot",
        "meta": "@sys.geo-city",
        "alias": "geo-city",
        "userDefined": false
      },
      {
        "text": " Rajpath Ltd.",
        "userDefined": false
      }
    ],
    "isTemplate": false,
    "count": 0,
    "lang": "en",
    "updated": 0
  },
  {
    "id": "86883101-7d9c-4096-8310-b195c64a5c74",
    "data": [
      {
        "text": "Rajkot",
        "meta": "@sys.geo-city",
        "alias": "geo-city",
        "userDefined": false
      },
      {
        "text": " Rajpath Limited",
        "userDefined": false
      }
    ],
    "isTemplate": false,
    "count": 0,
    "lang": "en",
    "updated": 0
  },
  {
    "id": "4e117251-ea83-45f6-94a4-b742e49edd03",
    "data": [
      {
        "text": "rajpath",
        "userDefined": false
      }
    ],
    "isTemplate": false,
    "count": 0,
    "lang": "en",
    "updated": 0
  },
  {
    "id": "cb6f9c68-ef64-49e6-8bef-fc063eef6612",
    "data": [
      {
        "text": "rajkot rajpath",
        "userDefined": false
      }
    ],
    "isTemplate": false,
    "count": 0,
    "lang": "en",
    "updated": 0
  },
  {
    "id": "851f6bb9-51af-4084-9bb6-fc51cd710703",
    "data": [
      {
        "text": "rajkot",
        "userDefined": false
      },
      {
        "text": " rajpath ltd",
        "userDefined": false
      }
    ],
    "isTemplate": false,
    "count": 0,
    "lang": "en",
    "updated": 0
  }
]