[
  {
    "id": "420f28bb-132b-456e-b8f9-b7a270673622",
    "data": [
      {
        "text": "right to information act",
        "userDefined": false
      }
    ],
    "isTemplate": false,
    "count": 0,
    "lang": "en",
    "updated": 0
  },
  {
    "id": "11c0b7ba-c260-490c-bc04-10cf1d53b500",
    "data": [
      {
        "text": "what is rti",
        "userDefined": false
      }
    ],
    "isTemplate": false,
    "count": 0,
    "lang": "en",
    "updated": 0
  },
  {
    "id": "57122092-7de6-4bd9-b737-1f4f878368e7",
    "data": [
      {
        "text": "what is right to information act",
        "userDefined": false
      }
    ],
    "isTemplate": false,
    "count": 0,
    "lang": "en",
    "updated": 0
  },
  {
    "id": "c19bf60e-50ee-46bd-a127-4c8f5b56b5e4",
    "data": [
      {
        "text": "give me rti proactive disclosure",
        "userDefined": false
      }
    ],
    "isTemplate": false,
    "count": 0,
    "lang": "en",
    "updated": 0
  },
  {
    "id": "06bdc2b7-c554-4ab1-94ba-11bb22628b80",
    "data": [
      {
        "text": "rti proactive disclosure",
        "userDefined": false
      }
    ],
    "isTemplate": false,
    "count": 0,
    "lang": "en",
    "updated": 0
  },
  {
    "id": "bd4b2990-6a04-4882-b3d0-1087a280a5d1",
    "data": [
      {
        "text": "show me rti status",
        "userDefined": false
      }
    ],
    "isTemplate": false,
    "count": 0,
    "lang": "en",
    "updated": 0
  },
  {
    "id": "8ba72ced-2718-482e-8cc4-733aab558dcd",
    "data": [
      {
        "text": "what is my rti status",
        "userDefined": false
      }
    ],
    "isTemplate": false,
    "count": 0,
    "lang": "en",
    "updated": 0
  },
  {
    "id": "3c2fc4e9-1547-42d2-b8e2-f65efb3aae02",
    "data": [
      {
        "text": "Information Disclosure Statute",
        "userDefined": false
      }
    ],
    "isTemplate": false,
    "count": 0,
    "lang": "en",
    "updated": 0
  },
  {
    "id": "6b9c77b1-204b-46c8-bc6e-aa2622699ac1",
    "data": [
      {
        "text": "Transparency and Accountability Act",
        "userDefined": false
      }
    ],
    "isTemplate": false,
    "count": 0,
    "lang": "en",
    "updated": 0
  },
  {
    "id": "c8306263-ae2e-4c6b-af49-844d71ab532e",
    "data": [
      {
        "text": "Right to Know Law",
        "userDefined": false
      }
    ],
    "isTemplate": false,
    "count": 0,
    "lang": "en",
    "updated": 0
  },
  {
    "id": "c57ab00d-b937-45df-a413-c42e21435df6",
    "data": [
      {
        "text": "Access to Information Legislation",
        "userDefined": false
      }
    ],
    "isTemplate": false,
    "count": 0,
    "lang": "en",
    "updated": 0
  },
  {
    "id": "fbbaab52-f6d4-4767-a6f4-cf4cf6c982bf",
    "data": [
      {
        "text": "Freedom of Information Act",
        "userDefined": false
      }
    ],
    "isTemplate": false,
    "count": 0,
    "lang": "en",
    "updated": 0
  },
  {
    "id": "07b21ac2-dcda-4854-9bf8-05a2be01ee9e",
    "data": [
      {
        "text": "R.T.I.",
        "userDefined": false
      }
    ],
    "isTemplate": false,
    "count": 0,
    "lang": "en",
    "updated": 0
  },
  {
    "id": "faa7a597-c836-4e83-b7fb-a03960f227fe",
    "data": [
      {
        "text": "R.T.I",
        "userDefined": false
      }
    ],
    "isTemplate": false,
    "count": 0,
    "lang": "en",
    "updated": 0
  },
  {
    "id": "a5a26f66-7c76-4c06-9e8f-9dc6e2e22737",
    "data": [
      {
        "text": "rti",
        "userDefined": false
      }
    ],
    "isTemplate": false,
    "count": 0,
    "lang": "en",
    "updated": 0
  },
  {
    "id": "eaf87d68-fe28-47fb-9d03-26fdf4bee5ca",
    "data": [
      {
        "text": "information act",
        "userDefined": false
      }
    ],
    "isTemplate": false,
    "count": 1,
    "lang": "en",
    "updated": 0
  }
]