[
  {
    "id": "557639df-1577-4041-8c12-59a1f8e01e0f",
    "data": [
      {
        "text": "application status",
        "userDefined": false
      }
    ],
    "isTemplate": false,
    "count": 0,
    "lang": "en",
    "updated": 0
  },
  {
    "id": "97e35c04-3bfb-42cd-86b5-2a973219791e",
    "data": [
      {
        "text": "status of application",
        "userDefined": false
      }
    ],
    "isTemplate": false,
    "count": 0,
    "lang": "en",
    "updated": 0
  },
  {
    "id": "48e866f5-9dd2-443f-94f8-fa61dfe2e239",
    "data": [
      {
        "text": "right to information act application status",
        "userDefined": false
      }
    ],
    "isTemplate": false,
    "count": 1,
    "lang": "en",
    "updated": 0
  },
  {
    "id": "d3bd0728-b5e1-405a-88bb-1ba0c2eafd60",
    "data": [
      {
        "text": "rti application status",
        "userDefined": false
      }
    ],
    "isTemplate": false,
    "count": 0,
    "lang": "en",
    "updated": 0
  }
]