[
  {
    "id": "50c5cee0-e3c2-49d2-b6c5-8479f33865c0",
    "data": [
      {
        "text": "proactive disclosure",
        "userDefined": false
      }
    ],
    "isTemplate": false,
    "count": 0,
    "lang": "en",
    "updated": 0
  },
  {
    "id": "8d045829-dd40-48e9-8156-09d619251424",
    "data": [
      {
        "text": "Proactively Disclosed RTI Records",
        "userDefined": false
      }
    ],
    "isTemplate": false,
    "count": 0,
    "lang": "en",
    "updated": 0
  },
  {
    "id": "055b3e32-61e7-435f-ae1d-80be363c8ee1",
    "data": [
      {
        "text": "Transparent RTI Information Publication",
        "userDefined": false
      }
    ],
    "isTemplate": false,
    "count": 0,
    "lang": "en",
    "updated": 0
  },
  {
    "id": "34bb9084-6a61-4093-9bd6-0d51704ece93",
    "data": [
      {
        "text": "Open Access to RTI Data",
        "userDefined": false
      }
    ],
    "isTemplate": false,
    "count": 0,
    "lang": "en",
    "updated": 0
  },
  {
    "id": "53f4edc7-df86-4351-bfdd-fab7d599aef1",
    "data": [
      {
        "text": "RTI Information Disclosure Initiative",
        "userDefined": false
      }
    ],
    "isTemplate": false,
    "count": 0,
    "lang": "en",
    "updated": 0
  },
  {
    "id": "7b8736b8-e1e4-437e-a63b-a1e93ec3cbe6",
    "data": [
      {
        "text": "Proactive Release of RTI Information",
        "userDefined": false
      }
    ],
    "isTemplate": false,
    "count": 0,
    "lang": "en",
    "updated": 0
  },
  {
    "id": "ad2f7617-55a5-4a54-8d44-8a2a672dd8dd",
    "data": [
      {
        "text": "right to information act proactive disclosure",
        "userDefined": false
      }
    ],
    "isTemplate": false,
    "count": 0,
    "lang": "en",
    "updated": 0
  },
  {
    "id": "0f04ba7e-e546-45da-940e-dac28e1fd579",
    "data": [
      {
        "text": "RTI Proactive Disclosure",
        "userDefined": false
      }
    ],
    "isTemplate": false,
    "count": 0,
    "lang": "en",
    "updated": 0
  }
]