[
  {
    "id": "50d67292-6a12-49de-914d-43421aa96a40",
    "data": [
      {
        "text": "no. is ",
        "userDefined": false
      },
      {
        "text": "19",
        "meta": "@sys.number",
        "alias": "Application_No",
        "userDefined": false
      }
    ],
    "isTemplate": false,
    "count": 0,
    "lang": "en",
    "updated": 0
  },
  {
    "id": "c4199bd4-3f6d-4c06-97fb-18b7f982c28e",
    "data": [
      {
        "text": "application no. ",
        "userDefined": false
      },
      {
        "text": "18",
        "meta": "@sys.number",
        "alias": "Application_No",
        "userDefined": false
      }
    ],
    "isTemplate": false,
    "count": 0,
    "lang": "en",
    "updated": 0
  },
  {
    "id": "a9033ffe-f035-4844-bbdf-5939a21afabf",
    "data": [
      {
        "text": "16",
        "meta": "@sys.number",
        "alias": "Application_No",
        "userDefined": false
      }
    ],
    "isTemplate": false,
    "count": 0,
    "lang": "en",
    "updated": 0
  },
  {
    "id": "d623cf3c-67a0-4138-acb0-90243b6dd3ce",
    "data": [
      {
        "text": "application number \u003d ",
        "userDefined": false
      },
      {
        "text": "13",
        "meta": "@sys.number",
        "alias": "Application_No",
        "userDefined": false
      }
    ],
    "isTemplate": false,
    "count": 0,
    "lang": "en",
    "updated": 0
  },
  {
    "id": "aa8cf79e-0f6b-4c67-afd6-d2fb5bd9e864",
    "data": [
      {
        "text": "number is ",
        "userDefined": false
      },
      {
        "text": "12",
        "meta": "@sys.number",
        "alias": "Application_No",
        "userDefined": false
      }
    ],
    "isTemplate": false,
    "count": 0,
    "lang": "en",
    "updated": 0
  },
  {
    "id": "b18d44da-c3d4-4a75-b04d-a0254918c430",
    "data": [
      {
        "text": "application number is ",
        "userDefined": false
      },
      {
        "text": "17",
        "meta": "@sys.number",
        "alias": "Application_No",
        "userDefined": false
      }
    ],
    "isTemplate": false,
    "count": 0,
    "lang": "en",
    "updated": 0
  }
]