[
  {
    "id": "1fa0ddd0-9e8b-454a-8600-7c49defc5074",
    "data": [
      {
        "text": "form e of secc",
        "userDefined": false
      }
    ],
    "isTemplate": false,
    "count": 0,
    "lang": "en",
    "updated": 0
  },
  {
    "id": "905047dc-753e-4b55-9f2a-a24d4a75887c",
    "data": [
      {
        "text": "socio economic and cast census",
        "userDefined": false
      }
    ],
    "isTemplate": false,
    "count": 0,
    "lang": "en",
    "updated": 0
  },
  {
    "id": "9af42767-2846-4ff6-a371-2b8c71b38b4e",
    "data": [
      {
        "text": "SECC form e",
        "userDefined": false
      }
    ],
    "isTemplate": false,
    "count": 0,
    "lang": "en",
    "updated": 0
  }
]