[
  {
    "id": "4c6376e9-a7dc-4593-9d94-cada38681637",
    "data": [
      {
        "text": "secc urban form",
        "userDefined": false
      }
    ],
    "isTemplate": false,
    "count": 0,
    "lang": "en",
    "updated": 0
  },
  {
    "id": "a8d4a8c9-e274-4bf2-b690-b8612a3eb392",
    "data": [
      {
        "text": "urban form c",
        "userDefined": false
      },
      {
        "text": "1",
        "meta": "@sys.number",
        "alias": "number",
        "userDefined": false
      },
      {
        "text": " of secc",
        "userDefined": false
      }
    ],
    "isTemplate": false,
    "count": 0,
    "lang": "en",
    "updated": 0
  },
  {
    "id": "0b71929b-84c9-4918-877d-c3c8b307889d",
    "data": [
      {
        "text": "SECC Form C",
        "userDefined": false
      },
      {
        "text": "1",
        "meta": "@sys.number",
        "alias": "number",
        "userDefined": false
      },
      {
        "text": " Urban",
        "userDefined": false
      }
    ],
    "isTemplate": false,
    "count": 0,
    "lang": "en",
    "updated": 0
  }
]