[
  {
    "id": "2e05e32a-a4fc-41a4-a48a-43029f55b9f2",
    "data": [
      {
        "text": "SECC Form D",
        "userDefined": false
      }
    ],
    "isTemplate": false,
    "count": 0,
    "lang": "en",
    "updated": 0
  },
  {
    "id": "1a49627b-252f-436d-a0c8-56ac85fb2120",
    "data": [
      {
        "text": "Form",
        "userDefined": false
      },
      {
        "text": " D",
        "userDefined": true
      }
    ],
    "isTemplate": false,
    "count": 0,
    "lang": "en",
    "updated": 0
  }
]