[
  {
    "id": "2503e8b0-f1ec-455f-bc7c-f1b0af300dd2",
    "data": [
      {
        "text": "open the shop registration tab",
        "userDefined": false
      }
    ],
    "isTemplate": false,
    "count": 0,
    "lang": "en",
    "updated": 0
  },
  {
    "id": "f776af6a-338d-4732-a019-1fcf252c2242",
    "data": [
      {
        "text": "stop shop registration",
        "userDefined": false
      }
    ],
    "isTemplate": false,
    "count": 0,
    "lang": "en",
    "updated": 0
  },
  {
    "id": "78ae8c9f-a8e4-4133-98ed-8bfd81064327",
    "data": [
      {
        "text": "cancel shop registration",
        "userDefined": false
      }
    ],
    "isTemplate": false,
    "count": 0,
    "lang": "en",
    "updated": 0
  },
  {
    "id": "5a80ba57-bade-4053-b8a9-e04214a5435f",
    "data": [
      {
        "text": "open form ",
        "userDefined": false
      },
      {
        "text": "g",
        "userDefined": false
      }
    ],
    "isTemplate": false,
    "count": 0,
    "lang": "en",
    "updated": 0
  },
  {
    "id": "c3070ef5-d470-4790-a1ee-cb0c686a1549",
    "data": [
      {
        "text": "give form to update shop registration",
        "userDefined": false
      }
    ],
    "isTemplate": false,
    "count": 0,
    "lang": "en",
    "updated": 0
  },
  {
    "id": "43174429-f581-4bc2-81e4-97ef6f1ec1bd",
    "data": [
      {
        "text": "open form for updating shop registration certificate",
        "userDefined": false
      }
    ],
    "isTemplate": false,
    "count": 0,
    "lang": "en",
    "updated": 0
  },
  {
    "id": "d4c1c5a4-04dd-46bc-a444-5b0c86995bb3",
    "data": [
      {
        "text": "register new shop",
        "userDefined": false
      }
    ],
    "isTemplate": false,
    "count": 0,
    "lang": "en",
    "updated": 0
  },
  {
    "id": "0ad83813-aadd-4361-b911-f6909ef1b879",
    "data": [
      {
        "text": "new shop register",
        "userDefined": false
      }
    ],
    "isTemplate": false,
    "count": 0,
    "lang": "en",
    "updated": 0
  },
  {
    "id": "ef153e9f-3cd2-4b31-b293-277438718136",
    "data": [
      {
        "text": "I want to register for a new shop",
        "userDefined": false
      }
    ],
    "isTemplate": false,
    "count": 0,
    "lang": "en",
    "updated": 0
  },
  {
    "id": "dc76f4e5-1f70-45a2-bcc1-7e8d74f7a4f2",
    "data": [
      {
        "text": "give help",
        "userDefined": false
      }
    ],
    "isTemplate": false,
    "count": 0,
    "lang": "en",
    "updated": 0
  },
  {
    "id": "abee336d-23c1-41b7-8ee2-dc8f2513bc0a",
    "data": [
      {
        "text": "help",
        "userDefined": false
      }
    ],
    "isTemplate": false,
    "count": 0,
    "lang": "en",
    "updated": 0
  },
  {
    "id": "34197893-66db-4abe-bd42-93d528576a0f",
    "data": [
      {
        "text": "give instructions",
        "userDefined": false
      }
    ],
    "isTemplate": false,
    "count": 0,
    "lang": "en",
    "updated": 0
  },
  {
    "id": "0447e7b7-5393-4090-a621-4e968d579574",
    "data": [
      {
        "text": "view form b",
        "userDefined": false
      }
    ],
    "isTemplate": false,
    "count": 0,
    "lang": "en",
    "updated": 0
  },
  {
    "id": "f9f79f0b-40a6-44e4-a3a5-5acfbd04642e",
    "data": [
      {
        "text": "show me form b",
        "userDefined": false
      }
    ],
    "isTemplate": false,
    "count": 0,
    "lang": "en",
    "updated": 0
  },
  {
    "id": "84643ea3-7582-4029-91d1-aa5b6ba7043a",
    "data": [
      {
        "text": "view form a",
        "userDefined": false
      }
    ],
    "isTemplate": false,
    "count": 0,
    "lang": "en",
    "updated": 0
  },
  {
    "id": "cb6cd3d4-18f5-4d7d-af50-510af7745be2",
    "data": [
      {
        "text": "give me form a",
        "userDefined": false
      }
    ],
    "isTemplate": false,
    "count": 0,
    "lang": "en",
    "updated": 0
  },
  {
    "id": "c5e51cf1-f82b-44e1-b915-059d21b2d0f6",
    "data": [
      {
        "text": "Merchandise Store and Establishment",
        "userDefined": false
      }
    ],
    "isTemplate": false,
    "count": 0,
    "lang": "en",
    "updated": 0
  },
  {
    "id": "4df9b2aa-0713-4e82-be03-39735db609ba",
    "data": [
      {
        "text": "Retail Outlet and Company Premises",
        "userDefined": false
      }
    ],
    "isTemplate": false,
    "count": 0,
    "lang": "en",
    "updated": 0
  },
  {
    "id": "593bccdc-6dc6-497b-97cd-3353fca24d12",
    "data": [
      {
        "text": "Shop and Business Establishment",
        "userDefined": false
      }
    ],
    "isTemplate": false,
    "count": 0,
    "lang": "en",
    "updated": 0
  },
  {
    "id": "83599e48-249c-421d-b51e-20799f75a63c",
    "data": [
      {
        "text": "Store and Commercial Enterprise",
        "userDefined": false
      }
    ],
    "isTemplate": false,
    "count": 0,
    "lang": "en",
    "updated": 0
  },
  {
    "id": "650f9748-7736-4559-9e9f-5cd674bcfa0c",
    "data": [
      {
        "text": "Retail Business and Establishment",
        "userDefined": false
      }
    ],
    "isTemplate": false,
    "count": 0,
    "lang": "en",
    "updated": 0
  },
  {
    "id": "a87ab6b0-dc92-49ea-952e-6f38577f2d96",
    "data": [
      {
        "text": "establishment",
        "userDefined": false
      }
    ],
    "isTemplate": false,
    "count": 0,
    "lang": "en",
    "updated": 0
  },
  {
    "id": "a4b88673-8603-4a0f-aba6-b2097c390ed7",
    "data": [
      {
        "text": "shop",
        "userDefined": false
      }
    ],
    "isTemplate": false,
    "count": 0,
    "lang": "en",
    "updated": 0
  },
  {
    "id": "05ec7185-98fb-40f7-a720-6a3846ce8848",
    "data": [
      {
        "text": "shop and establishment",
        "userDefined": false
      }
    ],
    "isTemplate": false,
    "count": 0,
    "lang": "en",
    "updated": 0
  }
]