[
  {
    "id": "a3069373-fe4d-4b43-a03d-6e1913bec9f2",
    "data": [
      {
        "text": "i want to register in sports",
        "userDefined": false
      }
    ],
    "isTemplate": false,
    "count": 0,
    "lang": "en",
    "updated": 0
  },
  {
    "id": "69228865-4ef7-4a10-ae28-5ba1ef62a078",
    "data": [
      {
        "text": "Athletic Competition Registration",
        "userDefined": false
      }
    ],
    "isTemplate": false,
    "count": 0,
    "lang": "en",
    "updated": 0
  },
  {
    "id": "e1ff24b3-20be-4dcc-9d2e-7052cf3e318c",
    "data": [
      {
        "text": "Participation in ",
        "userDefined": false
      },
      {
        "text": "Sports",
        "userDefined": false
      },
      {
        "text": " Programs",
        "userDefined": false
      }
    ],
    "isTemplate": false,
    "count": 0,
    "lang": "en",
    "updated": 0
  },
  {
    "id": "54aeaa1f-ff89-466c-8624-2aa244a6c4b9",
    "data": [
      {
        "text": "Registration for Sporting Events",
        "userDefined": false
      }
    ],
    "isTemplate": false,
    "count": 0,
    "lang": "en",
    "updated": 0
  },
  {
    "id": "cd078811-737d-4ea0-a0ec-faf09aa2dcbd",
    "data": [
      {
        "text": "Sports Enrollment",
        "userDefined": false
      }
    ],
    "isTemplate": false,
    "count": 0,
    "lang": "en",
    "updated": 0
  },
  {
    "id": "5300f433-761b-4ab5-b00e-a584918a598c",
    "data": [
      {
        "text": "Athletic Registration",
        "userDefined": false
      }
    ],
    "isTemplate": false,
    "count": 0,
    "lang": "en",
    "updated": 0
  },
  {
    "id": "56881959-8746-4de7-9008-e31cc57bd423",
    "data": [
      {
        "text": "register for sports",
        "userDefined": false
      }
    ],
    "isTemplate": false,
    "count": 0,
    "lang": "en",
    "updated": 0
  },
  {
    "id": "59aa3255-bf25-4cbb-bb27-fb836192a16c",
    "data": [
      {
        "text": "sport",
        "userDefined": false
      },
      {
        "text": " registration",
        "userDefined": false
      }
    ],
    "isTemplate": false,
    "count": 0,
    "lang": "en",
    "updated": 0
  }
]