[
  {
    "id": "5285b6e0-e18d-4ea2-b521-0a6f22fe9546",
    "data": [
      {
        "text": "open town plan tab",
        "userDefined": false
      }
    ],
    "isTemplate": false,
    "count": 0,
    "lang": "en",
    "updated": 0
  },
  {
    "id": "a584fd34-8380-41e2-9309-5d35c519c296",
    "data": [
      {
        "text": "license flow",
        "userDefined": false
      }
    ],
    "isTemplate": false,
    "count": 0,
    "lang": "en",
    "updated": 0
  },
  {
    "id": "2f121e18-d0db-465a-b262-18131309fbee",
    "data": [
      {
        "text": "show license flow",
        "userDefined": false
      }
    ],
    "isTemplate": false,
    "count": 0,
    "lang": "en",
    "updated": 0
  },
  {
    "id": "dd65ad5a-5862-46a5-8b3e-057c16f0859b",
    "data": [
      {
        "text": "town plan portal",
        "userDefined": false
      }
    ],
    "isTemplate": false,
    "count": 0,
    "lang": "en",
    "updated": 0
  },
  {
    "id": "b8b486e4-aaf8-4550-a6bb-672b83244932",
    "data": [
      {
        "text": "redirect to the town plan portal",
        "userDefined": false
      }
    ],
    "isTemplate": false,
    "count": 0,
    "lang": "en",
    "updated": 0
  },
  {
    "id": "7edc85b2-5a76-41bf-86bc-98cefb3e92a2",
    "data": [
      {
        "text": "open town plan portal",
        "userDefined": false
      }
    ],
    "isTemplate": false,
    "count": 0,
    "lang": "en",
    "updated": 0
  },
  {
    "id": "6f0cf891-4715-41df-910d-b5e3dd399980",
    "data": [
      {
        "text": "Town Master Plan",
        "userDefined": false
      }
    ],
    "isTemplate": false,
    "count": 0,
    "lang": "en",
    "updated": 0
  },
  {
    "id": "2016cd1d-b7c9-4831-ad0d-b9b939ff1b9c",
    "data": [
      {
        "text": "Municipal Layout",
        "userDefined": false
      }
    ],
    "isTemplate": false,
    "count": 0,
    "lang": "en",
    "updated": 0
  },
  {
    "id": "942c060b-e81c-4950-8e79-fb1fc2370bb8",
    "data": [
      {
        "text": "Township Development",
        "userDefined": false
      }
    ],
    "isTemplate": false,
    "count": 0,
    "lang": "en",
    "updated": 0
  },
  {
    "id": "e226fd03-8ade-4362-98a7-a88da8c4d222",
    "data": [
      {
        "text": "City Design",
        "userDefined": false
      }
    ],
    "isTemplate": false,
    "count": 0,
    "lang": "en",
    "updated": 0
  },
  {
    "id": "b80ca0ce-fdd4-4c9b-ad14-6c11a3d9dd65",
    "data": [
      {
        "text": "Urban Planning",
        "userDefined": false
      }
    ],
    "isTemplate": false,
    "count": 0,
    "lang": "en",
    "updated": 0
  },
  {
    "id": "88dddc0a-3e14-4ca8-94ea-c87a53bb0f85",
    "data": [
      {
        "text": "plan of town",
        "userDefined": false
      }
    ],
    "isTemplate": false,
    "count": 0,
    "lang": "en",
    "updated": 0
  },
  {
    "id": "ee676253-7b9b-48d8-a8f2-5b45a1c254e9",
    "data": [
      {
        "text": "town plan",
        "userDefined": false
      }
    ],
    "isTemplate": false,
    "count": 0,
    "lang": "en",
    "updated": 0
  }
]