[
  {
    "id": "2a9e17f2-7238-46e2-b546-56135618cf5c",
    "data": [
      {
        "text": "portal",
        "userDefined": false
      }
    ],
    "isTemplate": false,
    "count": 0,
    "lang": "en",
    "updated": 0
  },
  {
    "id": "83447d07-8b7c-477b-8b93-0cdc41203732",
    "data": [
      {
        "text": "portal for town plan",
        "userDefined": false
      }
    ],
    "isTemplate": false,
    "count": 0,
    "lang": "en",
    "updated": 0
  },
  {
    "id": "baa06bb2-132e-4a69-9080-86576f08a763",
    "data": [
      {
        "text": "town plan portal",
        "userDefined": false
      }
    ],
    "isTemplate": false,
    "count": 0,
    "lang": "en",
    "updated": 0
  }
]