[
  {
    "id": "69e5f648-2c51-419c-b8c8-e5cdf6c30e13",
    "data": [
      {
        "text": "update",
        "userDefined": false
      }
    ],
    "isTemplate": false,
    "count": 0,
    "lang": "en",
    "updated": 0
  },
  {
    "id": "13864664-88b5-4919-a67a-3216022c1bc4",
    "data": [
      {
        "text": "cycle form",
        "userDefined": false
      }
    ],
    "isTemplate": false,
    "count": 0,
    "lang": "en",
    "updated": 0
  },
  {
    "id": "b95f616a-50ea-4c7a-b88f-943f2cfc72fa",
    "data": [
      {
        "text": "Cycle Form Information Update",
        "userDefined": false
      }
    ],
    "isTemplate": false,
    "count": 0,
    "lang": "en",
    "updated": 0
  },
  {
    "id": "123f4f90-7d37-4f64-a10d-e4836b1f1b6c",
    "data": [
      {
        "text": "Update Bike Documentation",
        "userDefined": false
      }
    ],
    "isTemplate": false,
    "count": 0,
    "lang": "en",
    "updated": 0
  },
  {
    "id": "1a88a983-f3c5-4b7a-8173-3a89c755954d",
    "data": [
      {
        "text": "Revise Cycle Form",
        "userDefined": false
      }
    ],
    "isTemplate": false,
    "count": 0,
    "lang": "en",
    "updated": 0
  },
  {
    "id": "e53df0e6-12aa-4f8c-95c8-18c616e140d3",
    "data": [
      {
        "text": "cycle form update",
        "userDefined": false
      }
    ],
    "isTemplate": false,
    "count": 0,
    "lang": "en",
    "updated": 0
  },
  {
    "id": "1e1c5d08-02d2-4e36-b937-b10f35eb21a2",
    "data": [
      {
        "text": "Modify Bicycle Form",
        "userDefined": false
      }
    ],
    "isTemplate": false,
    "count": 0,
    "lang": "en",
    "updated": 0
  },
  {
    "id": "1d819c8e-ab3d-4575-b972-b524f4f2aa90",
    "data": [
      {
        "text": "update cycle form",
        "userDefined": false
      }
    ],
    "isTemplate": false,
    "count": 0,
    "lang": "en",
    "updated": 0
  }
]