[
  {
    "id": "54eaa91c-23bd-48b0-bc7d-101b56fb8dbd",
    "data": [
      {
        "text": "shop registration update",
        "userDefined": false
      }
    ],
    "isTemplate": false,
    "count": 0,
    "lang": "en",
    "updated": 0
  },
  {
    "id": "515ffc9c-edc9-44f2-8a17-74a064dca677",
    "data": [
      {
        "text": "updation of shop registration",
        "userDefined": false
      }
    ],
    "isTemplate": false,
    "count": 0,
    "lang": "en",
    "updated": 0
  },
  {
    "id": "abae951d-d121-4714-b6bf-0a13f9746f8f",
    "data": [
      {
        "text": "form ",
        "userDefined": false
      },
      {
        "text": "g",
        "meta": "@sys.color",
        "alias": "color",
        "userDefined": false
      }
    ],
    "isTemplate": false,
    "count": 0,
    "lang": "en",
    "updated": 0
  },
  {
    "id": "c53740e0-3dfd-42c0-a8e0-9cdb794d8af5",
    "data": [
      {
        "text": "updation of shop registration certificate",
        "userDefined": false
      }
    ],
    "isTemplate": false,
    "count": 0,
    "lang": "en",
    "updated": 0
  }
]