[
  {
    "id": "d0326ed2-b437-45ad-b5cf-12c79371abe7",
    "data": [
      {
        "text": "register customer",
        "userDefined": false
      }
    ],
    "isTemplate": false,
    "count": 0,
    "lang": "en",
    "updated": 0
  },
  {
    "id": "474d46fe-f2ed-4b40-b84c-7479dc8ad699",
    "data": [
      {
        "text": "customer vehicle tax registration",
        "userDefined": false
      }
    ],
    "isTemplate": false,
    "count": 0,
    "lang": "en",
    "updated": 0
  },
  {
    "id": "8a918c5a-5dab-4e94-9f52-44644547c641",
    "data": [
      {
        "text": "register vehicle tax by customer",
        "userDefined": false
      }
    ],
    "isTemplate": false,
    "count": 0,
    "lang": "en",
    "updated": 0
  },
  {
    "id": "dd19ac58-f012-4ca5-aefa-336386970bb8",
    "data": [
      {
        "text": "vehicle tax registration by customer",
        "userDefined": false
      }
    ],
    "isTemplate": false,
    "count": 0,
    "lang": "en",
    "updated": 0
  }
]