[
  {
    "id": "7c1ae590-0df8-4e83-a49f-fbc8af80c1c9",
    "data": [
      {
        "text": "vehicle tax",
        "userDefined": false
      }
    ],
    "isTemplate": false,
    "count": 0,
    "lang": "en",
    "updated": 0
  },
  {
    "id": "133ba6c4-ae53-4c99-bacb-74fcff751184",
    "data": [
      {
        "text": "open vehicle tax tab",
        "userDefined": false
      }
    ],
    "isTemplate": false,
    "count": 0,
    "lang": "en",
    "updated": 0
  },
  {
    "id": "07ffc4eb-97ec-4d5b-b174-6cc271b8b9fd",
    "data": [
      {
        "text": "tax payment of vehicles for customers",
        "userDefined": false
      }
    ],
    "isTemplate": false,
    "count": 0,
    "lang": "en",
    "updated": 0
  },
  {
    "id": "047297ae-a4f3-44ed-8086-0d87446b7cf4",
    "data": [
      {
        "text": "customer vehicle tax payment",
        "userDefined": false
      }
    ],
    "isTemplate": false,
    "count": 0,
    "lang": "en",
    "updated": 0
  },
  {
    "id": "e539aa87-c520-467d-9db7-caab93b9f50d",
    "data": [
      {
        "text": "vehicle registration",
        "userDefined": false
      }
    ],
    "isTemplate": false,
    "count": 0,
    "lang": "en",
    "updated": 0
  },
  {
    "id": "b3ec23a4-dd7b-4b88-a805-78234e31d3f0",
    "data": [
      {
        "text": "vehicle registration as customer",
        "userDefined": false
      }
    ],
    "isTemplate": false,
    "count": 0,
    "lang": "en",
    "updated": 0
  },
  {
    "id": "3b953f95-0411-4358-9a5d-cf756fa32a32",
    "data": [
      {
        "text": "vehicle registration as dealer",
        "userDefined": false
      }
    ],
    "isTemplate": false,
    "count": 0,
    "lang": "en",
    "updated": 0
  },
  {
    "id": "d2510f88-fb90-448e-83be-2d073252e8d7",
    "data": [
      {
        "text": "Transportation Tax",
        "userDefined": false
      }
    ],
    "isTemplate": false,
    "count": 0,
    "lang": "en",
    "updated": 0
  },
  {
    "id": "880832ec-80ac-4a71-bd57-1e2efde74856",
    "data": [
      {
        "text": "Car Duties",
        "userDefined": false
      }
    ],
    "isTemplate": false,
    "count": 0,
    "lang": "en",
    "updated": 0
  },
  {
    "id": "d65600f3-f3b3-4630-96de-cf9115bdf1a5",
    "data": [
      {
        "text": "Motor Taxation",
        "userDefined": false
      }
    ],
    "isTemplate": false,
    "count": 0,
    "lang": "en",
    "updated": 0
  },
  {
    "id": "8da34643-c697-4e19-9b6d-730b7e6a7a86",
    "data": [
      {
        "text": "Vehicle Levy",
        "userDefined": false
      }
    ],
    "isTemplate": false,
    "count": 0,
    "lang": "en",
    "updated": 0
  },
  {
    "id": "93aac220-b9c4-45a3-b877-dcf09dc8440e",
    "data": [
      {
        "text": "Automobile Tax",
        "userDefined": false
      }
    ],
    "isTemplate": false,
    "count": 0,
    "lang": "en",
    "updated": 0
  },
  {
    "id": "ad293959-3f9e-41e0-95d6-d92e65fc1a8a",
    "data": [
      {
        "text": "tax of vehicle",
        "userDefined": false
      }
    ],
    "isTemplate": false,
    "count": 1,
    "lang": "en",
    "updated": 0
  }
]