[
  {
    "id": "11a86c92-7875-4bae-969e-1fcabed33f04",
    "data": [
      {
        "text": "customer",
        "userDefined": false
      }
    ],
    "isTemplate": false,
    "count": 0,
    "lang": "en",
    "updated": 0
  },
  {
    "id": "4d546b13-21ca-42ca-a423-8da490ebfd7d",
    "data": [
      {
        "text": "pay vehicle tax by customer",
        "userDefined": false
      }
    ],
    "isTemplate": false,
    "count": 0,
    "lang": "en",
    "updated": 0
  },
  {
    "id": "38bdc4d6-eb38-42fc-9b31-85c5ebfe364b",
    "data": [
      {
        "text": "customer vehicle tax payment",
        "userDefined": false
      }
    ],
    "isTemplate": false,
    "count": 0,
    "lang": "en",
    "updated": 0
  },
  {
    "id": "3f9bdea6-eafc-4d9c-9084-bc76c0f39c0f",
    "data": [
      {
        "text": "vehicle tax payment by customer",
        "userDefined": false
      }
    ],
    "isTemplate": false,
    "count": 0,
    "lang": "en",
    "updated": 0
  }
]