[
  {
    "id": "b422ab42-a99f-4e1f-871f-982452e9a11c",
    "data": [
      {
        "text": "dealer",
        "userDefined": false
      }
    ],
    "isTemplate": false,
    "count": 0,
    "lang": "en",
    "updated": 0
  },
  {
    "id": "be4351a4-b481-4801-bd7e-26833f7c5a64",
    "data": [
      {
        "text": "register dealer",
        "userDefined": false
      }
    ],
    "isTemplate": false,
    "count": 0,
    "lang": "en",
    "updated": 0
  },
  {
    "id": "97774b68-2d5c-46a7-81f0-8d9abf7de687",
    "data": [
      {
        "text": "Dealer-Aided Vehicle Tax Enrollment",
        "userDefined": false
      }
    ],
    "isTemplate": false,
    "count": 0,
    "lang": "en",
    "updated": 0
  },
  {
    "id": "3fe18887-ccbf-4079-ae79-c5750e52c048",
    "data": [
      {
        "text": "Dealer-Facilitated Vehicle Tax Registration",
        "userDefined": false
      }
    ],
    "isTemplate": false,
    "count": 0,
    "lang": "en",
    "updated": 0
  },
  {
    "id": "908ee1b9-fa43-4133-b22e-7657f52aabd8",
    "data": [
      {
        "text": "Tax Registration for Vehicles by Dealer",
        "userDefined": false
      }
    ],
    "isTemplate": false,
    "count": 0,
    "lang": "en",
    "updated": 0
  },
  {
    "id": "2df651dc-4f77-4a94-a96d-cbe4f56bf3a2",
    "data": [
      {
        "text": "Vehicle Tax Enrollment via Dealer",
        "userDefined": false
      }
    ],
    "isTemplate": false,
    "count": 0,
    "lang": "en",
    "updated": 0
  },
  {
    "id": "678e4962-99b4-48c2-97c1-729d9a4faa25",
    "data": [
      {
        "text": "Dealer-Assisted Vehicle Tax Registration",
        "userDefined": false
      }
    ],
    "isTemplate": false,
    "count": 0,
    "lang": "en",
    "updated": 0
  },
  {
    "id": "e872aaec-5ac0-4847-b473-bc7774a7ce8d",
    "data": [
      {
        "text": "register vehicle tax by dealer",
        "userDefined": false
      }
    ],
    "isTemplate": false,
    "count": 0,
    "lang": "en",
    "updated": 0
  },
  {
    "id": "db9b146b-bbe8-4fbc-a2f1-53341b37c1b3",
    "data": [
      {
        "text": "dealer vehicle tax register",
        "userDefined": false
      }
    ],
    "isTemplate": false,
    "count": 0,
    "lang": "en",
    "updated": 0
  },
  {
    "id": "ba70dd10-d6b8-4961-83c2-d1d9f8b58e18",
    "data": [
      {
        "text": "vehicle tax registration by dealer",
        "userDefined": false
      }
    ],
    "isTemplate": false,
    "count": 0,
    "lang": "en",
    "updated": 0
  }
]