[
  {
    "id": "4bba60a5-76bf-4cc5-8695-4f40875febb6",
    "data": [
      {
        "text": "view",
        "userDefined": false
      }
    ],
    "isTemplate": false,
    "count": 0,
    "lang": "en",
    "updated": 0
  },
  {
    "id": "69b17f76-d5e9-479c-8201-90fbd5701e98",
    "data": [
      {
        "text": "view my water charges",
        "userDefined": false
      }
    ],
    "isTemplate": false,
    "count": 0,
    "lang": "en",
    "updated": 0
  },
  {
    "id": "c1ba8a8c-9237-46b0-b012-c189fb4587f9",
    "data": [
      {
        "text": "view water charges",
        "userDefined": false
      }
    ],
    "isTemplate": false,
    "count": 0,
    "lang": "en",
    "updated": 0
  },
  {
    "id": "44d456d8-df29-451f-aa17-76141f74b3ff",
    "data": [
      {
        "text": "view water charge",
        "userDefined": false
      }
    ],
    "isTemplate": false,
    "count": 0,
    "lang": "en",
    "updated": 0
  },
  {
    "id": "afe4cd27-67a1-4088-87f2-d624c059e604",
    "data": [
      {
        "text": "water charges view",
        "userDefined": false
      }
    ],
    "isTemplate": false,
    "count": 0,
    "lang": "en",
    "updated": 0
  }
]