[
  {
    "id": "8b2a61d6-7a36-4a5a-bfa5-fc98e335b21e",
    "data": [
      {
        "text": "connection no. \u003d ",
        "userDefined": false
      },
      {
        "text": "91067",
        "meta": "@sys.number",
        "alias": "Connection_No",
        "userDefined": false
      }
    ],
    "isTemplate": false,
    "count": 0,
    "lang": "en",
    "updated": 0
  },
  {
    "id": "a0291afe-158a-4c01-9312-5df48c7f3074",
    "data": [
      {
        "text": "connection no is ",
        "userDefined": false
      },
      {
        "text": "91001",
        "meta": "@sys.number",
        "alias": "Connection_No",
        "userDefined": false
      }
    ],
    "isTemplate": false,
    "count": 0,
    "lang": "en",
    "updated": 0
  },
  {
    "id": "ea7f7e6a-9655-4b1e-b04d-5b2fc7830c40",
    "data": [
      {
        "text": "91036",
        "meta": "@sys.number",
        "alias": "Connection_No",
        "userDefined": false
      }
    ],
    "isTemplate": false,
    "count": 0,
    "lang": "en",
    "updated": 0
  },
  {
    "id": "7c3a632c-e3e0-4451-abd8-1c95c36c117c",
    "data": [
      {
        "text": "91023",
        "meta": "@sys.number",
        "alias": "Connection_No",
        "userDefined": false
      }
    ],
    "isTemplate": false,
    "count": 0,
    "lang": "en",
    "updated": 0
  },
  {
    "id": "b5b510d1-cb00-4bfd-be0a-7c2b481f0c46",
    "data": [
      {
        "text": "number is ",
        "userDefined": false
      },
      {
        "text": "91072",
        "meta": "@sys.number",
        "alias": "Connection_No",
        "userDefined": false
      }
    ],
    "isTemplate": false,
    "count": 0,
    "lang": "en",
    "updated": 0
  },
  {
    "id": "a92b6c6a-30cd-472b-bad1-9ce259d520e9",
    "data": [
      {
        "text": "connection number is ",
        "userDefined": false
      },
      {
        "text": "91026",
        "meta": "@sys.number",
        "alias": "Connection_No",
        "userDefined": false
      }
    ],
    "isTemplate": false,
    "count": 0,
    "lang": "en",
    "updated": 0
  }
]