[
  {
    "id": "5ea61cc6-4864-4e5f-b140-7f9520570a0d",
    "data": [
      {
        "text": "pay",
        "userDefined": false
      }
    ],
    "isTemplate": false,
    "count": 0,
    "lang": "en",
    "updated": 0
  },
  {
    "id": "dab465c8-fb0c-4d13-9f4b-9118477bd06d",
    "data": [
      {
        "text": "payment",
        "userDefined": false
      }
    ],
    "isTemplate": false,
    "count": 0,
    "lang": "en",
    "updated": 0
  },
  {
    "id": "85f99bbb-c6cd-4521-970f-dc2b3f5837ff",
    "data": [
      {
        "text": "Water Utility Fee Payment",
        "userDefined": false
      }
    ],
    "isTemplate": false,
    "count": 0,
    "lang": "en",
    "updated": 0
  },
  {
    "id": "bcdb806a-5b3c-4eda-956e-95b03b3f57d9",
    "data": [
      {
        "text": "Aquatic Dues Settlement",
        "userDefined": false
      }
    ],
    "isTemplate": false,
    "count": 0,
    "lang": "en",
    "updated": 0
  },
  {
    "id": "15b89bac-c76d-4875-af51-ada3de3d310f",
    "data": [
      {
        "text": "Liquid Consumption Charges Payment",
        "userDefined": false
      }
    ],
    "isTemplate": false,
    "count": 0,
    "lang": "en",
    "updated": 0
  },
  {
    "id": "d7365ac2-b938-4eb8-85b0-0b217d814fbc",
    "data": [
      {
        "text": "Payment for Water Usage",
        "userDefined": false
      }
    ],
    "isTemplate": false,
    "count": 0,
    "lang": "en",
    "updated": 0
  },
  {
    "id": "d7f93281-cb29-4d23-89a2-d4d3fbd598a7",
    "data": [
      {
        "text": "Water Fee Settlement",
        "userDefined": false
      }
    ],
    "isTemplate": false,
    "count": 0,
    "lang": "en",
    "updated": 0
  },
  {
    "id": "d25b210d-a004-46a2-bd67-58aec65d26a5",
    "data": [
      {
        "text": "payment of water charges",
        "userDefined": false
      }
    ],
    "isTemplate": false,
    "count": 0,
    "lang": "en",
    "updated": 0
  },
  {
    "id": "69c4da59-eb52-4929-b3fc-6540cf8f5e8e",
    "data": [
      {
        "text": "water pay charges",
        "userDefined": false
      }
    ],
    "isTemplate": false,
    "count": 0,
    "lang": "en",
    "updated": 0
  },
  {
    "id": "0e4337af-197a-4823-a364-fb53be06abe2",
    "data": [
      {
        "text": "pay water charges",
        "userDefined": false
      }
    ],
    "isTemplate": false,
    "count": 0,
    "lang": "en",
    "updated": 0
  },
  {
    "id": "f5656ff4-6018-459b-92ca-9017a6ae20a3",
    "data": [
      {
        "text": "water charges payment",
        "userDefined": false
      }
    ],
    "isTemplate": false,
    "count": 0,
    "lang": "en",
    "updated": 0
  }
]