[
  {
    "id": "a3b433fa-23eb-49e0-a6d1-8e49c11651b0",
    "data": [
      {
        "text": "bill",
        "meta": "@sys.person",
        "alias": "person",
        "userDefined": false
      },
      {
        "text": "/receipt",
        "userDefined": false
      }
    ],
    "isTemplate": false,
    "count": 0,
    "lang": "en",
    "updated": 0
  },
  {
    "id": "e8cbc9c2-0d60-4714-bc40-293a843b238f",
    "data": [
      {
        "text": "receipt",
        "userDefined": false
      }
    ],
    "isTemplate": false,
    "count": 0,
    "lang": "en",
    "updated": 0
  },
  {
    "id": "41609364-d0da-408c-a1a3-73eb8a086ee0",
    "data": [
      {
        "text": "bill",
        "userDefined": false
      }
    ],
    "isTemplate": false,
    "count": 0,
    "lang": "en",
    "updated": 0
  },
  {
    "id": "fc2a7ff9-f25b-4d0f-b835-2f0a9229e071",
    "data": [
      {
        "text": "receipt of water",
        "userDefined": false
      }
    ],
    "isTemplate": false,
    "count": 0,
    "lang": "en",
    "updated": 0
  },
  {
    "id": "9b9515a4-463f-4754-b4c4-2a42e929966f",
    "data": [
      {
        "text": "receipt for water",
        "userDefined": false
      }
    ],
    "isTemplate": false,
    "count": 0,
    "lang": "en",
    "updated": 0
  },
  {
    "id": "5da9ccd9-af7c-4525-9efe-fb63a1b7a5ab",
    "data": [
      {
        "text": "bill for water",
        "userDefined": false
      }
    ],
    "isTemplate": false,
    "count": 0,
    "lang": "en",
    "updated": 0
  },
  {
    "id": "07118953-6cc1-4b9c-a0cb-6fca1165ac4b",
    "data": [
      {
        "text": "bill of water",
        "userDefined": false
      }
    ],
    "isTemplate": false,
    "count": 0,
    "lang": "en",
    "updated": 0
  },
  {
    "id": "76be0d29-fc2c-4737-a379-5954d8cf3106",
    "data": [
      {
        "text": "water ",
        "userDefined": false
      },
      {
        "text": "bill",
        "meta": "@sys.person",
        "alias": "person",
        "userDefined": false
      },
      {
        "text": "/receipt",
        "userDefined": false
      }
    ],
    "isTemplate": false,
    "count": 0,
    "lang": "en",
    "updated": 0
  },
  {
    "id": "61d85af9-725d-4c7c-a86f-6ffbd0ca9f29",
    "data": [
      {
        "text": "water receipt",
        "userDefined": false
      }
    ],
    "isTemplate": false,
    "count": 0,
    "lang": "en",
    "updated": 0
  },
  {
    "id": "acad8ffb-8e3f-4afc-8038-2c6db1492ce0",
    "data": [
      {
        "text": "water ",
        "userDefined": false
      },
      {
        "text": "bill",
        "meta": "@sys.person",
        "alias": "person",
        "userDefined": false
      }
    ],
    "isTemplate": false,
    "count": 0,
    "lang": "en",
    "updated": 0
  }
]