[
  {
    "id": "f2bb8cc2-0a3b-47dd-8867-4709f07b8d33",
    "data": [
      {
        "text": "I need to take a look at my water bill to understand the charges",
        "userDefined": false
      }
    ],
    "isTemplate": false,
    "count": 0,
    "lang": "en",
    "updated": 0
  },
  {
    "id": "74038f4d-fe92-4b07-b62d-0b5b24a45a4c",
    "data": [
      {
        "text": "I wish to examine the specifics of my water bill",
        "userDefined": false
      }
    ],
    "isTemplate": false,
    "count": 0,
    "lang": "en",
    "updated": 0
  },
  {
    "id": "646e574f-017a-467d-9bc1-27e30aaf6bbd",
    "data": [
      {
        "text": "I\u0027m interested in viewing the breakdown of my water bill charges",
        "userDefined": false
      }
    ],
    "isTemplate": false,
    "count": 0,
    "lang": "en",
    "updated": 0
  },
  {
    "id": "0143b47e-5dcc-47c1-a457-5c5845a64c9a",
    "data": [
      {
        "text": "I want to review the information on my water bill statement",
        "userDefined": false
      }
    ],
    "isTemplate": false,
    "count": 0,
    "lang": "en",
    "updated": 0
  },
  {
    "id": "6b251059-2fee-44de-8c7f-0e6a0bce79d7",
    "data": [
      {
        "text": "I\u0027d like to check out the details of my water bill",
        "userDefined": false
      }
    ],
    "isTemplate": false,
    "count": 0,
    "lang": "en",
    "updated": 0
  },
  {
    "id": "1927de9e-3b6e-4b75-8fa3-1116c6e32c09",
    "data": [
      {
        "text": "I want to view my water bill",
        "userDefined": false
      }
    ],
    "isTemplate": false,
    "count": 0,
    "lang": "en",
    "updated": 0
  },
  {
    "id": "3fded16d-73ce-4533-88fc-f7eba39b8dd7",
    "data": [
      {
        "text": "I\u0027m ready to cover the costs of my water bill",
        "userDefined": false
      }
    ],
    "isTemplate": false,
    "count": 0,
    "lang": "en",
    "updated": 0
  },
  {
    "id": "17bf1c80-5487-49c0-86ea-85fe3fe0a6e1",
    "data": [
      {
        "text": "I intend to submit a payment for my water bill",
        "userDefined": false
      }
    ],
    "isTemplate": false,
    "count": 0,
    "lang": "en",
    "updated": 0
  },
  {
    "id": "ec256018-8240-4d7c-bf75-d7ccb0ee8b50",
    "data": [
      {
        "text": "I want to clear my dues for the water bill",
        "userDefined": false
      }
    ],
    "isTemplate": false,
    "count": 0,
    "lang": "en",
    "updated": 0
  },
  {
    "id": "96ead95d-7ee6-4c21-a08a-2021bfd8fbca",
    "data": [
      {
        "text": "I\u0027m looking to make a payment for my water bill",
        "userDefined": false
      }
    ],
    "isTemplate": false,
    "count": 0,
    "lang": "en",
    "updated": 0
  },
  {
    "id": "61ae6d5a-29d0-4de6-b1f8-2f693890f9a3",
    "data": [
      {
        "text": "I need to settle my water bill payment",
        "userDefined": false
      }
    ],
    "isTemplate": false,
    "count": 0,
    "lang": "en",
    "updated": 0
  },
  {
    "id": "3a00feb6-d784-4ed5-a06a-88628e2f161b",
    "data": [
      {
        "text": "I want to pay my water charge",
        "userDefined": false
      }
    ],
    "isTemplate": false,
    "count": 0,
    "lang": "en",
    "updated": 0
  },
  {
    "id": "3c2b4254-1eb6-4af3-b191-5c8510bce147",
    "data": [
      {
        "text": "I want to pay my water bill",
        "userDefined": false
      }
    ],
    "isTemplate": false,
    "count": 0,
    "lang": "en",
    "updated": 0
  },
  {
    "id": "8af384c5-70ee-4ba0-92c8-241483817423",
    "data": [
      {
        "text": "H2O Utility Charges",
        "userDefined": false
      }
    ],
    "isTemplate": false,
    "count": 0,
    "lang": "en",
    "updated": 0
  },
  {
    "id": "912fa13d-ac39-4621-9e0b-de3bfecc0173",
    "data": [
      {
        "text": "Liquid Consumption Fees",
        "userDefined": false
      }
    ],
    "isTemplate": false,
    "count": 0,
    "lang": "en",
    "updated": 0
  },
  {
    "id": "7cdcb408-ec02-495e-a520-06483658f77d",
    "data": [
      {
        "text": "Hydro Usage Costs",
        "userDefined": false
      }
    ],
    "isTemplate": false,
    "count": 0,
    "lang": "en",
    "updated": 0
  },
  {
    "id": "0e8f19b3-fffb-4da5-9a5b-fb070f86b41f",
    "data": [
      {
        "text": "Aquatic Charges",
        "userDefined": false
      }
    ],
    "isTemplate": false,
    "count": 0,
    "lang": "en",
    "updated": 0
  },
  {
    "id": "bb564b90-034a-4fb2-9708-ea766ea53831",
    "data": [
      {
        "text": "Water Fee",
        "userDefined": false
      }
    ],
    "isTemplate": false,
    "count": 0,
    "lang": "en",
    "updated": 0
  },
  {
    "id": "85acb053-fb65-4d75-b338-e5aac33915e3",
    "data": [
      {
        "text": "charges of water",
        "userDefined": false
      }
    ],
    "isTemplate": false,
    "count": 0,
    "lang": "en",
    "updated": 0
  },
  {
    "id": "98b2c841-0872-46a0-9f79-3c30257ccfb5",
    "data": [
      {
        "text": "water charges",
        "userDefined": false
      }
    ],
    "isTemplate": false,
    "count": 0,
    "lang": "en",
    "updated": 0
  },
  {
    "id": "a26d0d82-20ec-4ef8-a061-7af11100f3c9",
    "data": [
      {
        "text": "water charge",
        "userDefined": false
      }
    ],
    "isTemplate": false,
    "count": 0,
    "lang": "en",
    "updated": 0
  }
]